year,state,condition,yes,no,location_1,location_1_zip,location_1_city,location_1_state,location_1_address
2008,Washington,Adults who are current smokers,15.7,84.3,POINT (-120.47001000026114 47.522280000022135),,,Washington,
2002,Hawaii,Adults who are current smokers,21,79,POINT (-157.85774999956269 21.304850000427336),,,Hawaii,
1997,District of Columbia,Adults who are current smokers,18.8,81.2,POINT (-77.03195999965413 38.89036999987576),,,District of Columbia,
2009,Alaska,Adults who are current smokers,20.6,79.4,POINT (-147.72205999986895 64.84507999974238),,,Alaska,
2006,Virginia,Adults who are current smokers,19.3,80.7,POINT (-78.45789000012326 37.54268000028196),,,Virginia,
1997,Nevada,Adults who are current smokers,28,72,POINT (-117.07183999971608 39.49323999972637),,,Nevada,
2007,Mississippi,Adults who are current smokers,23.9,76.1,POINT (-89.53803000008429 32.7455100000866),,,Mississippi,
1997,Illinois,Adults who are current smokers,23.2,76.8,POINT (-88.99770999971656 40.485010000411364),,,Illinois,
2000,Rhode Island,Adults who are current smokers,23.4,76.6,POINT (-71.5224700001902 41.70828000002217),,,Rhode Island,
2004,Montana,Adults who are current smokers,20.4,79.6,POINT (-109.42441999998289 47.06653000015956),,,Montana,
2008,West Virginia,Adults who are current smokers,26.5,73.5,POINT (-80.71263999973604 38.66550999958696),,,West Virginia,
2008,District of Columbia,Adults who are current smokers,16.2,83.8,POINT (-77.03195999965413 38.89036999987576),,,District of Columbia,
1999,Tennessee,Adults who are current smokers,24.8,75.2,POINT (-85.77449000011325 35.68094000038087),,,Tennessee,
2010,Georgia,Adults who are current smokers,17.6,82.4,POINT (-83.62758000031658 32.83967999993223),,,Georgia,
1998,Tennessee,Adults who are current smokers,26,74,POINT (-85.77449000011325 35.68094000038087),,,Tennessee,
1999,New York,Adults who are current smokers,21.8,78.2,POINT (-75.54396999981549 42.82699999955048),,,New York,
2009,Louisiana,Adults who are current smokers,22.1,77.9,POINT (-92.44567999993188 31.31265999975932),,,Louisiana,
2000,West Virginia,Adults who are current smokers,26.1,73.9,POINT (-80.71263999973604 38.66550999958696),,,West Virginia,
2007,Washington,Adults who are current smokers,16.8,83.2,POINT (-120.47001000026114 47.522280000022135),,,Washington,
2010,Pennsylvania,Adults who are current smokers,18.4,81.6,POINT (-77.86069999960512 40.79372999993973),,,Pennsylvania,
2004,Kansas,Adults who are current smokers,19.8,80.2,POINT (-98.20077999969709 38.34774000000118),,,Kansas,
2010,Utah,Adults who are current smokers,9.1,90.9,POINT (-111.58712999994941 39.36070000030492),,,Utah,
2003,Montana,Adults who are current smokers,20,80,POINT (-109.42441999998289 47.06653000015956),,,Montana,
1999,Oregon,Adults who are current smokers,21.4,78.6,POINT (-120.15502999983448 44.567449999917756),,,Oregon,
1995,Arkansas,Adults who are current smokers,25.2,74.8,POINT (-92.27448999971358 34.748649999697875),,,Arkansas,
2002,Tennessee,Adults who are current smokers,27.7,72.3,POINT (-85.77449000011325 35.68094000038087),,,Tennessee,
2006,Massachusetts,Adults who are current smokers,17.8,82.2,POINT (-72.08269000004333 42.27687000005062),,,Massachusetts,
1995,Tennessee,Adults who are current smokers,26.5,73.5,POINT (-85.77449000011325 35.68094000038087),,,Tennessee,
2000,Massachusetts,Adults who are current smokers,19.9,80.1,POINT (-72.08269000004333 42.27687000005062),,,Massachusetts,
2009,Utah,Adults who are current smokers,9.8,90.2,POINT (-111.58712999994941 39.36070000030492),,,Utah,
2000,New Jersey,Adults who are current smokers,21,79,POINT (-74.2736899996936 40.13056999960594),,,New Jersey,
2010,Alabama,Adults who are current smokers,21.9,78.1,POINT (-86.63186000013877 32.840569999605975),,,Alabama,
1996,North Carolina,Adults who are current smokers,25.7,74.3,POINT (-79.1593199999179 35.46624999963797),,,North Carolina,
1996,Nationwide (States and DC),Adults who are current smokers,23.5,76.5,,,,Nationwide (States and DC),
2008,Oklahoma,Adults who are current smokers,24.7,75.3,POINT (-97.52034999975251 35.4720099999617),,,Oklahoma,
2010,North Carolina,Adults who are current smokers,19.8,80.2,POINT (-79.1593199999179 35.46624999963797),,,North Carolina,
2006,Georgia,Adults who are current smokers,19.9,80.1,POINT (-83.62758000031658 32.83967999993223),,,Georgia,
2003,Ohio,Adults who are current smokers,25.2,74.8,POINT (-82.40426000019869 40.06020999969189),,,Ohio,
2010,Arkansas,Adults who are current smokers,22.9,77.1,POINT (-92.27448999971358 34.748649999697875),,,Arkansas,
2002,Maryland,Adults who are current smokers,21.9,78.1,POINT (-76.6092600004485 39.29057999976732),,,Maryland,
2002,Guam,Adults who are current smokers,31.9,68.099999999999994,,,,Guam,
2008,Tennessee,Adults who are current smokers,23.1,76.9,POINT (-85.77449000011325 35.68094000038087),,,Tennessee,
1998,New Jersey,Adults who are current smokers,19.1,80.9,POINT (-74.2736899996936 40.13056999960594),,,New Jersey,
2006,New Jersey,Adults who are current smokers,18,82,POINT (-74.2736899996936 40.13056999960594),,,New Jersey,
2000,Missouri,Adults who are current smokers,27.2,72.8,POINT (-92.5663000000448 38.63578999960896),,,Missouri,
1995,Louisiana,Adults who are current smokers,25.3,74.7,POINT (-92.44567999993188 31.31265999975932),,,Louisiana,
2009,Nationwide (States and DC),Adults who are current smokers,17.899999999999999,82.1,,,,Nationwide (States and DC),
2010,Arizona,Adults who are current smokers,15,85,POINT (-111.76380999973156 34.86596999961597),,,Arizona,
1996,Maine,Adults who are current smokers,25.3,74.7,POINT (-68.9850299999344 45.25423000041434),,,Maine,
1996,Arizona,Adults who are current smokers,23.7,76.3,POINT (-111.76380999973156 34.86596999961597),,,Arizona,
2009,Mississippi,Adults who are current smokers,23.3,76.7,POINT (-89.53803000008429 32.7455100000866),,,Mississippi,
2005,Michigan,Adults who are current smokers,22,78,POINT (-84.71438999959867 44.661320000317914),,,Michigan,
2000,Puerto Rico,Adults who are current smokers,13.1,86.9,,,,Puerto Rico,
2004,California,Adults who are current smokers,14.8,85.2,POINT (-120.99958999997835 37.638300000444815),,,California,
2000,Iowa,Adults who are current smokers,23.2,76.8,POINT (-93.81649000001335 42.469390000048634),,,Iowa,
2002,Illinois,Adults who are current smokers,22.8,77.2,POINT (-88.99770999971656 40.485010000411364),,,Illinois,
1998,Massachusetts,Adults who are current smokers,20.9,79.1,POINT (-72.08269000004333 42.27687000005062),,,Massachusetts,
2009,Oklahoma,Adults who are current smokers,25.5,74.5,POINT (-97.52034999975251 35.4720099999617),,,Oklahoma,
2003,North Dakota,Adults who are current smokers,20.5,79.5,POINT (-100.11841999998285 47.475320000018144),,,North Dakota,
2005,Virgin Islands,Adults who are current smokers,8.1,91.9,,,,Virgin Islands,
1995,North Dakota,Adults who are current smokers,22.7,77.3,POINT (-100.11841999998285 47.475320000018144),,,North Dakota,
2008,New Jersey,Adults who are current smokers,14.8,85.2,POINT (-74.2736899996936 40.13056999960594),,,New Jersey,
2000,Texas,Adults who are current smokers,21.9,78.1,POINT (-99.42676999973554 31.82724000022597),,,Texas,
1997,Kansas,Adults who are current smokers,22.6,77.4,POINT (-98.20077999969709 38.34774000000118),,,Kansas,
1997,Montana,Adults who are current smokers,20.5,79.5,POINT (-109.42441999998289 47.06653000015956),,,Montana,
1998,Montana,Adults who are current smokers,21.4,78.6,POINT (-109.42441999998289 47.06653000015956),,,Montana,
2003,Alaska,Adults who are current smokers,26.2,73.8,POINT (-147.72205999986895 64.84507999974238),,,Alaska,
2002,Nevada,Adults who are current smokers,26,74,POINT (-117.07183999971608 39.49323999972637),,,Nevada,
2008,Arkansas,Adults who are current smokers,22.3,77.7,POINT (-92.27448999971358 34.748649999697875),,,Arkansas,
1999,Illinois,Adults who are current smokers,24.2,75.8,POINT (-88.99770999971656 40.485010000411364),,,Illinois,
2007,"Nationwide (States, DC, and Territories)",Adults who are current smokers,19.7,80.3,,,,"Nationwide (States, DC, and Territories)",
2002,Maine,Adults who are current smokers,23.6,76.4,POINT (-68.9850299999344 45.25423000041434),,,Maine,
2007,North Dakota,Adults who are current smokers,20.9,79.1,POINT (-100.11841999998285 47.475320000018144),,,North Dakota,
2007,California,Adults who are current smokers,14.3,85.7,POINT (-120.99958999997835 37.638300000444815),,,California,
2006,Rhode Island,Adults who are current smokers,19.2,80.8,POINT (-71.5224700001902 41.70828000002217),,,Rhode Island,
2003,Washington,Adults who are current smokers,19.5,80.5,POINT (-120.47001000026114 47.522280000022135),,,Washington,
2002,Indiana,Adults who are current smokers,27.6,72.4,POINT (-86.14996000035359 39.76690999989677),,,Indiana,
1997,California,Adults who are current smokers,18.4,81.6,POINT (-120.99958999997835 37.638300000444815),,,California,
2009,Ohio,Adults who are current smokers,20.3,79.7,POINT (-82.40426000019869 40.06020999969189),,,Ohio,
2001,District of Columbia,Adults who are current smokers,20.8,79.2,POINT (-77.03195999965413 38.89036999987576),,,District of Columbia,
2009,North Carolina,Adults who are current smokers,20.3,79.7,POINT (-79.1593199999179 35.46624999963797),,,North Carolina,
2003,Massachusetts,Adults who are current smokers,19.1,80.9,POINT (-72.08269000004333 42.27687000005062),,,Massachusetts,
2005,Illinois,Adults who are current smokers,19.9,80.1,POINT (-88.99770999971656 40.485010000411364),,,Illinois,
1996,Alabama,Adults who are current smokers,22.4,77.6,POINT (-86.63186000013877 32.840569999605975),,,Alabama,
1996,Indiana,Adults who are current smokers,28.6,71.4,POINT (-86.14996000035359 39.76690999989677),,,Indiana,
1999,Nebraska,Adults who are current smokers,23.2,76.8,POINT (-99.36572999973953 41.6410400000961),,,Nebraska,
1999,Indiana,Adults who are current smokers,27,73,POINT (-86.14996000035359 39.76690999989677),,,Indiana,
1998,Nebraska,Adults who are current smokers,22,78,POINT (-99.36572999973953 41.6410400000961),,,Nebraska,
2010,North Dakota,Adults who are current smokers,17.4,82.6,POINT (-100.11841999998285 47.475320000018144),,,North Dakota,
2010,Ohio,Adults who are current smokers,22.5,77.5,POINT (-82.40426000019869 40.06020999969189),,,Ohio,
2005,New Mexico,Adults who are current smokers,21.5,78.5,POINT (-106.24057999976702 34.52088000011207),,,New Mexico,
2006,Michigan,Adults who are current smokers,22.4,77.6,POINT (-84.71438999959867 44.661320000317914),,,Michigan,
1998,Hawaii,Adults who are current smokers,19.5,80.5,POINT (-157.85774999956269 21.304850000427336),,,Hawaii,
2002,New Mexico,Adults who are current smokers,21.2,78.8,POINT (-106.24057999976702 34.52088000011207),,,New Mexico,
2010,District of Columbia,Adults who are current smokers,15.6,84.4,POINT (-77.03195999965413 38.89036999987576),,,District of Columbia,
2003,Nebraska,Adults who are current smokers,21.2,78.8,POINT (-99.36572999973953 41.6410400000961),,,Nebraska,
1995,Kansas,Adults who are current smokers,22,78,POINT (-98.20077999969709 38.34774000000118),,,Kansas,
2009,Montana,Adults who are current smokers,16.8,83.2,POINT (-109.42441999998289 47.06653000015956),,,Montana,
1998,Nationwide (States and DC),Adults who are current smokers,22.9,77.099999999999994,,,,Nationwide (States and DC),
2008,Pennsylvania,Adults who are current smokers,21.3,78.7,POINT (-77.86069999960512 40.79372999993973),,,Pennsylvania,
1997,"Nationwide (States, DC, and Territories)",Adults who are current smokers,23.2,76.8,,,,"Nationwide (States, DC, and Territories)",
2005,Wisconsin,Adults who are current smokers,20.7,79.3,POINT (-89.81636999977553 44.39319000021851),,,Wisconsin,
1997,Maine,Adults who are current smokers,22.7,77.3,POINT (-68.9850299999344 45.25423000041434),,,Maine,
2000,Kansas,Adults who are current smokers,21,79,POINT (-98.20077999969709 38.34774000000118),,,Kansas,
2008,Nebraska,Adults who are current smokers,18.4,81.6,POINT (-99.36572999973953 41.6410400000961),,,Nebraska,
2007,Delaware,Adults who are current smokers,18.9,81.1,POINT (-75.57774000040052 39.00883000020451),,,Delaware,
2001,Nationwide (States and DC),Adults who are current smokers,23.2,76.8,,,,Nationwide (States and DC),
2001,North Dakota,Adults who are current smokers,22.1,77.9,POINT (-100.11841999998285 47.475320000018144),,,North Dakota,
2009,Puerto Rico,Adults who are current smokers,10.6,89.4,,,,Puerto Rico,
2004,Maine,Adults who are current smokers,21,79,POINT (-68.9850299999344 45.25423000041434),,,Maine,
2001,South Dakota,Adults who are current smokers,22.3,77.7,POINT (-100.37353000040906 44.353130000049646),,,South Dakota,
2000,Arkansas,Adults who are current smokers,25.1,74.9,POINT (-92.27448999971358 34.748649999697875),,,Arkansas,
2010,Indiana,Adults who are current smokers,21.2,78.8,POINT (-86.14996000035359 39.76690999989677),,,Indiana,
2006,Virgin Islands,Adults who are current smokers,8.9,91.1,,,,Virgin Islands,
2000,Nebraska,Adults who are current smokers,21.2,78.8,POINT (-99.36572999973953 41.6410400000961),,,Nebraska,
2004,Mississippi,Adults who are current smokers,24.5,75.5,POINT (-89.53803000008429 32.7455100000866),,,Mississippi,
2005,Arkansas,Adults who are current smokers,23.5,76.5,POINT (-92.27448999971358 34.748649999697875),,,Arkansas,
2006,Nationwide (States and DC),Adults who are current smokers,20.100000000000001,79.900000000000006,,,,Nationwide (States and DC),
2000,Hawaii,Adults who are current smokers,19.7,80.3,POINT (-157.85774999956269 21.304850000427336),,,Hawaii,
2000,Michigan,Adults who are current smokers,24.1,75.9,POINT (-84.71438999959867 44.661320000317914),,,Michigan,
2001,Rhode Island,Adults who are current smokers,23.9,76.1,POINT (-71.5224700001902 41.70828000002217),,,Rhode Island,
2006,Maryland,Adults who are current smokers,17.7,82.3,POINT (-76.6092600004485 39.29057999976732),,,Maryland,
2005,Virginia,Adults who are current smokers,20.6,79.4,POINT (-78.45789000012326 37.54268000028196),,,Virginia,
2007,Colorado,Adults who are current smokers,18.7,81.3,POINT (-106.13314000041055 38.842890000173554),,,Colorado,
2010,Montana,Adults who are current smokers,18.8,81.2,POINT (-109.42441999998289 47.06653000015956),,,Montana,
2003,Oklahoma,Adults who are current smokers,25.1,74.9,POINT (-97.52034999975251 35.4720099999617),,,Oklahoma,
2004,Wisconsin,Adults who are current smokers,21.9,78.1,POINT (-89.81636999977553 44.39319000021851),,,Wisconsin,
2010,Colorado,Adults who are current smokers,16,84,POINT (-106.13314000041055 38.842890000173554),,,Colorado,
2005,Indiana,Adults who are current smokers,27.3,72.7,POINT (-86.14996000035359 39.76690999989677),,,Indiana,
2004,Arizona,Adults who are current smokers,18.5,81.5,POINT (-111.76380999973156 34.86596999961597),,,Arizona,
2004,Ohio,Adults who are current smokers,25.9,74.1,POINT (-82.40426000019869 40.06020999969189),,,Ohio,
2007,Indiana,Adults who are current smokers,24.1,75.9,POINT (-86.14996000035359 39.76690999989677),,,Indiana,
1995,Iowa,Adults who are current smokers,23.2,76.8,POINT (-93.81649000001335 42.469390000048634),,,Iowa,
1999,Alabama,Adults who are current smokers,23.5,76.5,POINT (-86.63186000013877 32.840569999605975),,,Alabama,
2006,"Nationwide (States, DC, and Territories)",Adults who are current smokers,20,80,,,,"Nationwide (States, DC, and Territories)",
1999,District of Columbia,Adults who are current smokers,20.6,79.4,POINT (-77.03195999965413 38.89036999987576),,,District of Columbia,
2007,Wisconsin,Adults who are current smokers,19.6,80.4,POINT (-89.81636999977553 44.39319000021851),,,Wisconsin,
2009,Oregon,Adults who are current smokers,17.9,82.1,POINT (-120.15502999983448 44.567449999917756),,,Oregon,
2003,Florida,Adults who are current smokers,23.9,76.1,POINT (-81.9289599999039 28.932039999846268),,,Florida,
2006,Hawaii,Adults who are current smokers,17.5,82.5,POINT (-157.85774999956269 21.304850000427336),,,Hawaii,
1997,Texas,Adults who are current smokers,22.5,77.5,POINT (-99.42676999973554 31.82724000022597),,,Texas,
2004,Tennessee,Adults who are current smokers,26.2,73.8,POINT (-85.77449000011325 35.68094000038087),,,Tennessee,
1996,Missouri,Adults who are current smokers,27.8,72.2,POINT (-92.5663000000448 38.63578999960896),,,Missouri,
2008,Rhode Island,Adults who are current smokers,17.4,82.6,POINT (-71.5224700001902 41.70828000002217),,,Rhode Island,
2001,Delaware,Adults who are current smokers,25,75,POINT (-75.57774000040052 39.00883000020451),,,Delaware,
2004,Idaho,Adults who are current smokers,17.4,82.6,POINT (-114.36368000023168 43.682590000228515),,,Idaho,
2002,Georgia,Adults who are current smokers,23.2,76.8,POINT (-83.62758000031658 32.83967999993223),,,Georgia,
1999,Massachusetts,Adults who are current smokers,19.3,80.7,POINT (-72.08269000004333 42.27687000005062),,,Massachusetts,
2005,Iowa,Adults who are current smokers,20.4,79.6,POINT (-93.81649000001335 42.469390000048634),,,Iowa,
2007,Minnesota,Adults who are current smokers,16.5,83.5,POINT (-94.79419999982997 46.3556499998478),,,Minnesota,
2002,Minnesota,Adults who are current smokers,21.7,78.3,POINT (-94.79419999982997 46.3556499998478),,,Minnesota,
2000,Maryland,Adults who are current smokers,20.5,79.5,POINT (-76.6092600004485 39.29057999976732),,,Maryland,
2002,Massachusetts,Adults who are current smokers,18.9,81.1,POINT (-72.08269000004333 42.27687000005062),,,Massachusetts,
2007,Kentucky,Adults who are current smokers,28.2,71.8,POINT (-84.77496999996538 37.645969999815804),,,Kentucky,
1995,Michigan,Adults who are current smokers,25.8,74.2,POINT (-84.71438999959867 44.661320000317914),,,Michigan,
2000,Oregon,Adults who are current smokers,20.7,79.3,POINT (-120.15502999983448 44.567449999917756),,,Oregon,
2005,Nevada,Adults who are current smokers,23.1,76.9,POINT (-117.07183999971608 39.49323999972637),,,Nevada,
2001,Pennsylvania,Adults who are current smokers,24.5,75.5,POINT (-77.86069999960512 40.79372999993973),,,Pennsylvania,
1996,New York,Adults who are current smokers,23.2,76.8,POINT (-75.54396999981549 42.82699999955048),,,New York,
2004,Louisiana,Adults who are current smokers,23.5,76.5,POINT (-92.44567999993188 31.31265999975932),,,Louisiana,
1998,New York,Adults who are current smokers,24.1,75.9,POINT (-75.54396999981549 42.82699999955048),,,New York,
2001,Mississippi,Adults who are current smokers,25.3,74.7,POINT (-89.53803000008429 32.7455100000866),,,Mississippi,
1995,Georgia,Adults who are current smokers,20.5,79.5,POINT (-83.62758000031658 32.83967999993223),,,Georgia,
2002,North Carolina,Adults who are current smokers,26.3,73.7,POINT (-79.1593199999179 35.46624999963797),,,North Carolina,
2008,Florida,Adults who are current smokers,17.5,82.5,POINT (-81.9289599999039 28.932039999846268),,,Florida,
2002,Ohio,Adults who are current smokers,26.6,73.4,POINT (-82.40426000019869 40.06020999969189),,,Ohio,
2005,Louisiana,Adults who are current smokers,22.6,77.4,POINT (-92.44567999993188 31.31265999975932),,,Louisiana,
2010,Vermont,Adults who are current smokers,15.4,84.6,POINT (-72.51764000028561 43.625379999687425),,,Vermont,
1997,Georgia,Adults who are current smokers,22.4,77.6,POINT (-83.62758000031658 32.83967999993223),,,Georgia,
2003,Iowa,Adults who are current smokers,21.7,78.3,POINT (-93.81649000001335 42.469390000048634),,,Iowa,
1996,Florida,Adults who are current smokers,21.8,78.2,POINT (-81.9289599999039 28.932039999846268),,,Florida,
2000,North Dakota,Adults who are current smokers,23.2,76.8,POINT (-100.11841999998285 47.475320000018144),,,North Dakota,
2000,California,Adults who are current smokers,17.2,82.8,POINT (-120.99958999997835 37.638300000444815),,,California,
2004,Nevada,Adults who are current smokers,23.2,76.8,POINT (-117.07183999971608 39.49323999972637),,,Nevada,
1996,New Hampshire,Adults who are current smokers,24.8,75.2,POINT (-71.50036000041354 43.65595000019255),,,New Hampshire,
2010,"Nationwide (States, DC, and Territories)",Adults who are current smokers,17.3,82.7,,,,"Nationwide (States, DC, and Territories)",
2007,Massachusetts,Adults who are current smokers,16.4,83.6,POINT (-72.08269000004333 42.27687000005062),,,Massachusetts,
2005,Nebraska,Adults who are current smokers,21.3,78.7,POINT (-99.36572999973953 41.6410400000961),,,Nebraska,
2007,Virginia,Adults who are current smokers,18.5,81.5,POINT (-78.45789000012326 37.54268000028196),,,Virginia,
2003,"Nationwide (States, DC, and Territories)",Adults who are current smokers,22,78,,,,"Nationwide (States, DC, and Territories)",
1995,New Jersey,Adults who are current smokers,19.2,80.8,POINT (-74.2736899996936 40.13056999960594),,,New Jersey,
2010,South Dakota,Adults who are current smokers,15.4,84.6,POINT (-100.37353000040906 44.353130000049646),,,South Dakota,
2004,New Hampshire,Adults who are current smokers,21.7,78.3,POINT (-71.50036000041354 43.65595000019255),,,New Hampshire,
2003,South Dakota,Adults who are current smokers,22.7,77.3,POINT (-100.37353000040906 44.353130000049646),,,South Dakota,
1996,Georgia,Adults who are current smokers,20.3,79.7,POINT (-83.62758000031658 32.83967999993223),,,Georgia,
1998,Utah,Adults who are current smokers,14.2,85.8,POINT (-111.58712999994941 39.36070000030492),,,Utah,
2005,Missouri,Adults who are current smokers,23.4,76.6,POINT (-92.5663000000448 38.63578999960896),,,Missouri,
2006,Florida,Adults who are current smokers,21,79,POINT (-81.9289599999039 28.932039999846268),,,Florida,
1998,District of Columbia,Adults who are current smokers,21.6,78.4,POINT (-77.03195999965413 38.89036999987576),,,District of Columbia,
1999,Idaho,Adults who are current smokers,21.5,78.5,POINT (-114.36368000023168 43.682590000228515),,,Idaho,
1999,California,Adults who are current smokers,18.7,81.3,POINT (-120.99958999997835 37.638300000444815),,,California,
2001,Tennessee,Adults who are current smokers,24.4,75.6,POINT (-85.77449000011325 35.68094000038087),,,Tennessee,
1998,Michigan,Adults who are current smokers,27.4,72.6,POINT (-84.71438999959867 44.661320000317914),,,Michigan,
2000,Illinois,Adults who are current smokers,22.3,77.7,POINT (-88.99770999971656 40.485010000411364),,,Illinois,
2002,New York,Adults who are current smokers,22.3,77.7,POINT (-75.54396999981549 42.82699999955048),,,New York,
2002,Utah,Adults who are current smokers,12.8,87.2,POINT (-111.58712999994941 39.36070000030492),,,Utah,
2000,North Carolina,Adults who are current smokers,26.1,73.9,POINT (-79.1593199999179 35.46624999963797),,,North Carolina,
2005,Washington,Adults who are current smokers,17.6,82.4,POINT (-120.47001000026114 47.522280000022135),,,Washington,
2006,Vermont,Adults who are current smokers,18,82,POINT (-72.51764000028561 43.625379999687425),,,Vermont,
1997,Kentucky,Adults who are current smokers,30.7,69.3,POINT (-84.77496999996538 37.645969999815804),,,Kentucky,
2008,Wisconsin,Adults who are current smokers,19.9,80.1,POINT (-89.81636999977553 44.39319000021851),,,Wisconsin,
2003,Nationwide (States and DC),Adults who are current smokers,22,78,,,,Nationwide (States and DC),
2000,Nationwide (States and DC),Adults who are current smokers,23.2,76.8,,,,Nationwide (States and DC),
2001,Alabama,Adults who are current smokers,23.8,76.2,POINT (-86.63186000013877 32.840569999605975),,,Alabama,
2008,Maryland,Adults who are current smokers,14.9,85.1,POINT (-76.6092600004485 39.29057999976732),,,Maryland,
2003,Hawaii,Adults who are current smokers,17.2,82.8,POINT (-157.85774999956269 21.304850000427336),,,Hawaii,
1998,Idaho,Adults who are current smokers,20.3,79.7,POINT (-114.36368000023168 43.682590000228515),,,Idaho,
1997,Mississippi,Adults who are current smokers,23.1,76.9,POINT (-89.53803000008429 32.7455100000866),,,Mississippi,
1999,Maryland,Adults who are current smokers,20.3,79.7,POINT (-76.6092600004485 39.29057999976732),,,Maryland,
1995,Wisconsin,Adults who are current smokers,21.8,78.2,POINT (-89.81636999977553 44.39319000021851),,,Wisconsin,
2006,Connecticut,Adults who are current smokers,17,83,POINT (-72.6498400002157 41.56265999995918),,,Connecticut,
2004,Oregon,Adults who are current smokers,20,80,POINT (-120.15502999983448 44.567449999917756),,,Oregon,
2010,Tennessee,Adults who are current smokers,20.1,79.9,POINT (-85.77449000011325 35.68094000038087),,,Tennessee,
1996,Oklahoma,Adults who are current smokers,24.1,75.9,POINT (-97.52034999975251 35.4720099999617),,,Oklahoma,
2002,Alaska,Adults who are current smokers,29.3,70.7,POINT (-147.72205999986895 64.84507999974238),,,Alaska,
2009,Massachusetts,Adults who are current smokers,15,85,POINT (-72.08269000004333 42.27687000005062),,,Massachusetts,
1998,"Nationwide (States, DC, and Territories)",Adults who are current smokers,22.9,77.2,,,,"Nationwide (States, DC, and Territories)",
2009,Virginia,Adults who are current smokers,19,81,POINT (-78.45789000012326 37.54268000028196),,,Virginia,
2004,Arkansas,Adults who are current smokers,25.6,74.4,POINT (-92.27448999971358 34.748649999697875),,,Arkansas,
2001,Massachusetts,Adults who are current smokers,19.5,80.5,POINT (-72.08269000004333 42.27687000005062),,,Massachusetts,
2005,District of Columbia,Adults who are current smokers,20,80,POINT (-77.03195999965413 38.89036999987576),,,District of Columbia,
2005,Hawaii,Adults who are current smokers,17,83,POINT (-157.85774999956269 21.304850000427336),,,Hawaii,
2002,Alabama,Adults who are current smokers,24.4,75.6,POINT (-86.63186000013877 32.840569999605975),,,Alabama,
2002,North Dakota,Adults who are current smokers,21.5,78.5,POINT (-100.11841999998285 47.475320000018144),,,North Dakota,
1998,Texas,Adults who are current smokers,21.9,78.1,POINT (-99.42676999973554 31.82724000022597),,,Texas,
2002,Arkansas,Adults who are current smokers,26.3,73.7,POINT (-92.27448999971358 34.748649999697875),,,Arkansas,
2002,South Carolina,Adults who are current smokers,26.6,73.4,POINT (-81.0452500001872 33.99855000018255),,,South Carolina,
2010,Maryland,Adults who are current smokers,15.2,84.8,POINT (-76.6092600004485 39.29057999976732),,,Maryland,
2002,Virginia,Adults who are current smokers,24.6,75.4,POINT (-78.45789000012326 37.54268000028196),,,Virginia,
2010,New York,Adults who are current smokers,15.5,84.5,POINT (-75.54396999981549 42.82699999955048),,,New York,
1998,Pennsylvania,Adults who are current smokers,23.8,76.2,POINT (-77.86069999960512 40.79372999993973),,,Pennsylvania,
2006,Iowa,Adults who are current smokers,21.4,78.6,POINT (-93.81649000001335 42.469390000048634),,,Iowa,
1995,New York,Adults who are current smokers,21.5,78.5,POINT (-75.54396999981549 42.82699999955048),,,New York,
2004,Texas,Adults who are current smokers,20.5,79.5,POINT (-99.42676999973554 31.82724000022597),,,Texas,
2004,"Nationwide (States, DC, and Territories)",Adults who are current smokers,20.8,79.2,,,,"Nationwide (States, DC, and Territories)",
2000,Washington,Adults who are current smokers,20.7,79.3,POINT (-120.47001000026114 47.522280000022135),,,Washington,
1996,Arkansas,Adults who are current smokers,25.3,74.7,POINT (-92.27448999971358 34.748649999697875),,,Arkansas,
2005,Idaho,Adults who are current smokers,17.9,82.1,POINT (-114.36368000023168 43.682590000228515),,,Idaho,
2003,Connecticut,Adults who are current smokers,18.6,81.4,POINT (-72.6498400002157 41.56265999995918),,,Connecticut,
2003,California,Adults who are current smokers,16.8,83.2,POINT (-120.99958999997835 37.638300000444815),,,California,
1999,Virginia,Adults who are current smokers,21.4,78.6,POINT (-78.45789000012326 37.54268000028196),,,Virginia,
2005,Alabama,Adults who are current smokers,24.8,75.2,POINT (-86.63186000013877 32.840569999605975),,,Alabama,
2000,Mississippi,Adults who are current smokers,23.5,76.5,POINT (-89.53803000008429 32.7455100000866),,,Mississippi,
1995,Hawaii,Adults who are current smokers,17.8,82.2,POINT (-157.85774999956269 21.304850000427336),,,Hawaii,
2008,Massachusetts,Adults who are current smokers,16.1,83.9,POINT (-72.08269000004333 42.27687000005062),,,Massachusetts,
2004,Michigan,Adults who are current smokers,23.3,76.7,POINT (-84.71438999959867 44.661320000317914),,,Michigan,
2003,Pennsylvania,Adults who are current smokers,25.4,74.6,POINT (-77.86069999960512 40.79372999993973),,,Pennsylvania,
1999,North Carolina,Adults who are current smokers,25.1,74.9,POINT (-79.1593199999179 35.46624999963797),,,North Carolina,
2010,Rhode Island,Adults who are current smokers,15.7,84.3,POINT (-71.5224700001902 41.70828000002217),,,Rhode Island,
2010,Minnesota,Adults who are current smokers,14.9,85.1,POINT (-94.79419999982997 46.3556499998478),,,Minnesota,
2002,Wisconsin,Adults who are current smokers,23.3,76.7,POINT (-89.81636999977553 44.39319000021851),,,Wisconsin,
2003,Michigan,Adults who are current smokers,26.1,73.9,POINT (-84.71438999959867 44.661320000317914),,,Michigan,
1999,South Dakota,Adults who are current smokers,22.5,77.5,POINT (-100.37353000040906 44.353130000049646),,,South Dakota,
1999,Kansas,Adults who are current smokers,21,79,POINT (-98.20077999969709 38.34774000000118),,,Kansas,
1998,Minnesota,Adults who are current smokers,18,82,POINT (-94.79419999982997 46.3556499998478),,,Minnesota,
2001,Ohio,Adults who are current smokers,27.6,72.4,POINT (-82.40426000019869 40.06020999969189),,,Ohio,
2001,Florida,Adults who are current smokers,22.4,77.6,POINT (-81.9289599999039 28.932039999846268),,,Florida,
2008,Montana,Adults who are current smokers,18.5,81.5,POINT (-109.42441999998289 47.06653000015956),,,Montana,
1999,Delaware,Adults who are current smokers,25.4,74.6,POINT (-75.57774000040052 39.00883000020451),,,Delaware,
1996,Puerto Rico,Adults who are current smokers,14.5,85.5,,,,Puerto Rico,
2003,Texas,Adults who are current smokers,22.1,77.9,POINT (-99.42676999973554 31.82724000022597),,,Texas,
1995,South Dakota,Adults who are current smokers,21.8,78.2,POINT (-100.37353000040906 44.353130000049646),,,South Dakota,
1997,Delaware,Adults who are current smokers,26.6,73.4,POINT (-75.57774000040052 39.00883000020451),,,Delaware,
2000,Florida,Adults who are current smokers,23.2,76.8,POINT (-81.9289599999039 28.932039999846268),,,Florida,
2010,Florida,Adults who are current smokers,17.1,82.9,POINT (-81.9289599999039 28.932039999846268),,,Florida,
2001,Guam,Adults who are current smokers,31.2,68.8,,,,Guam,
2003,Kansas,Adults who are current smokers,20.4,79.6,POINT (-98.20077999969709 38.34774000000118),,,Kansas,
1997,Wisconsin,Adults who are current smokers,23.2,76.8,POINT (-89.81636999977553 44.39319000021851),,,Wisconsin,
2008,New Mexico,Adults who are current smokers,19.4,80.6,POINT (-106.24057999976702 34.52088000011207),,,New Mexico,
1998,Rhode Island,Adults who are current smokers,22.6,77.4,POINT (-71.5224700001902 41.70828000002217),,,Rhode Island,
2007,Oklahoma,Adults who are current smokers,25.8,74.2,POINT (-97.52034999975251 35.4720099999617),,,Oklahoma,
2010,Louisiana,Adults who are current smokers,22.1,77.9,POINT (-92.44567999993188 31.31265999975932),,,Louisiana,
2009,Nevada,Adults who are current smokers,22,78,POINT (-117.07183999971608 39.49323999972637),,,Nevada,
1996,Louisiana,Adults who are current smokers,25.9,74.1,POINT (-92.44567999993188 31.31265999975932),,,Louisiana,
2005,"Nationwide (States, DC, and Territories)",Adults who are current smokers,20.5,79.5,,,,"Nationwide (States, DC, and Territories)",
2008,Kansas,Adults who are current smokers,17.9,82.1,POINT (-98.20077999969709 38.34774000000118),,,Kansas,
2009,New Hampshire,Adults who are current smokers,15.8,84.2,POINT (-71.50036000041354 43.65595000019255),,,New Hampshire,
2000,New Mexico,Adults who are current smokers,23.6,76.4,POINT (-106.24057999976702 34.52088000011207),,,New Mexico,
2005,Utah,Adults who are current smokers,11.5,88.5,POINT (-111.58712999994941 39.36070000030492),,,Utah,
1997,West Virginia,Adults who are current smokers,27.4,72.6,POINT (-80.71263999973604 38.66550999958696),,,West Virginia,
2007,Hawaii,Adults who are current smokers,17,83,POINT (-157.85774999956269 21.304850000427336),,,Hawaii,
2003,South Carolina,Adults who are current smokers,25.5,74.5,POINT (-81.0452500001872 33.99855000018255),,,South Carolina,
2003,New Hampshire,Adults who are current smokers,21.2,78.8,POINT (-71.50036000041354 43.65595000019255),,,New Hampshire,
2002,Nebraska,Adults who are current smokers,22.7,77.3,POINT (-99.36572999973953 41.6410400000961),,,Nebraska,
2007,Texas,Adults who are current smokers,19.3,80.7,POINT (-99.42676999973554 31.82724000022597),,,Texas,
2000,Connecticut,Adults who are current smokers,19.9,80.1,POINT (-72.6498400002157 41.56265999995918),,,Connecticut,
2009,Georgia,Adults who are current smokers,17.7,82.3,POINT (-83.62758000031658 32.83967999993223),,,Georgia,
2006,California,Adults who are current smokers,14.9,85.1,POINT (-120.99958999997835 37.638300000444815),,,California,
1997,Maryland,Adults who are current smokers,20.4,79.6,POINT (-76.6092600004485 39.29057999976732),,,Maryland,
2009,Colorado,Adults who are current smokers,17.1,82.9,POINT (-106.13314000041055 38.842890000173554),,,Colorado,
2005,Connecticut,Adults who are current smokers,16.5,83.5,POINT (-72.6498400002157 41.56265999995918),,,Connecticut,
2002,Connecticut,Adults who are current smokers,19.4,80.6,POINT (-72.6498400002157 41.56265999995918),,,Connecticut,
2008,Ohio,Adults who are current smokers,20.1,79.9,POINT (-82.40426000019869 40.06020999969189),,,Ohio,
2003,Wyoming,Adults who are current smokers,24.6,75.4,POINT (-108.10982999975454 43.23553999957147),,,Wyoming,
2008,Missouri,Adults who are current smokers,25,75,POINT (-92.5663000000448 38.63578999960896),,,Missouri,
2006,District of Columbia,Adults who are current smokers,17.9,82.1,POINT (-77.03195999965413 38.89036999987576),,,District of Columbia,
2005,Kentucky,Adults who are current smokers,28.7,71.3,POINT (-84.77496999996538 37.645969999815804),,,Kentucky,
2005,Pennsylvania,Adults who are current smokers,23.6,76.4,POINT (-77.86069999960512 40.79372999993973),,,Pennsylvania,
1998,South Dakota,Adults who are current smokers,27.2,72.8,POINT (-100.37353000040906 44.353130000049646),,,South Dakota,
2005,Wyoming,Adults who are current smokers,21.3,78.7,POINT (-108.10982999975454 43.23553999957147),,,Wyoming,
2001,Maryland,Adults who are current smokers,21.1,78.9,POINT (-76.6092600004485 39.29057999976732),,,Maryland,
2007,Oregon,Adults who are current smokers,16.9,83.1,POINT (-120.15502999983448 44.567449999917756),,,Oregon,
1996,Illinois,Adults who are current smokers,24.8,75.2,POINT (-88.99770999971656 40.485010000411364),,,Illinois,
2009,Wyoming,Adults who are current smokers,19.9,80.1,POINT (-108.10982999975454 43.23553999957147),,,Wyoming,
2004,Nebraska,Adults who are current smokers,20.3,79.7,POINT (-99.36572999973953 41.6410400000961),,,Nebraska,
2002,West Virginia,Adults who are current smokers,28.4,71.6,POINT (-80.71263999973604 38.66550999958696),,,West Virginia,
1998,Wyoming,Adults who are current smokers,22.8,77.2,POINT (-108.10982999975454 43.23553999957147),,,Wyoming,
1997,Minnesota,Adults who are current smokers,21.8,78.2,POINT (-94.79419999982997 46.3556499998478),,,Minnesota,
2007,West Virginia,Adults who are current smokers,26.9,73.1,POINT (-80.71263999973604 38.66550999958696),,,West Virginia,
2003,West Virginia,Adults who are current smokers,27.3,72.7,POINT (-80.71263999973604 38.66550999958696),,,West Virginia,
2005,Mississippi,Adults who are current smokers,23.6,76.4,POINT (-89.53803000008429 32.7455100000866),,,Mississippi,
1995,Pennsylvania,Adults who are current smokers,24.2,75.8,POINT (-77.86069999960512 40.79372999993973),,,Pennsylvania,
2002,Puerto Rico,Adults who are current smokers,13.2,86.8,,,,Puerto Rico,
2005,South Carolina,Adults who are current smokers,22.5,77.5,POINT (-81.0452500001872 33.99855000018255),,,South Carolina,
1998,Washington,Adults who are current smokers,21.4,78.6,POINT (-120.47001000026114 47.522280000022135),,,Washington,
2007,Alabama,Adults who are current smokers,22.5,77.5,POINT (-86.63186000013877 32.840569999605975),,,Alabama,
1997,North Carolina,Adults who are current smokers,25.8,74.2,POINT (-79.1593199999179 35.46624999963797),,,North Carolina,
1999,Hawaii,Adults who are current smokers,18.5,81.5,POINT (-157.85774999956269 21.304850000427336),,,Hawaii,
2004,New York,Adults who are current smokers,19.9,80.1,POINT (-75.54396999981549 42.82699999955048),,,New York,
2010,Virginia,Adults who are current smokers,18.5,81.5,POINT (-78.45789000012326 37.54268000028196),,,Virginia,
1999,North Dakota,Adults who are current smokers,22.1,77.9,POINT (-100.11841999998285 47.475320000018144),,,North Dakota,
1995,West Virginia,Adults who are current smokers,25.8,74.2,POINT (-80.71263999973604 38.66550999958696),,,West Virginia,
1997,Nebraska,Adults who are current smokers,22.1,77.9,POINT (-99.36572999973953 41.6410400000961),,,Nebraska,
1998,Arizona,Adults who are current smokers,21.8,78.2,POINT (-111.76380999973156 34.86596999961597),,,Arizona,
2001,Arkansas,Adults who are current smokers,25.5,74.5,POINT (-92.27448999971358 34.748649999697875),,,Arkansas,
1997,Nationwide (States and DC),Adults who are current smokers,23.2,76.8,,,,Nationwide (States and DC),
2010,Texas,Adults who are current smokers,15.8,84.2,POINT (-99.42676999973554 31.82724000022597),,,Texas,
2006,Kentucky,Adults who are current smokers,28.5,71.5,POINT (-84.77496999996538 37.645969999815804),,,Kentucky,
2008,Minnesota,Adults who are current smokers,17.6,82.4,POINT (-94.79419999982997 46.3556499998478),,,Minnesota,
2007,Nationwide (States and DC),Adults who are current smokers,19.8,80.2,,,,Nationwide (States and DC),
2009,South Dakota,Adults who are current smokers,17.5,82.5,POINT (-100.37353000040906 44.353130000049646),,,South Dakota,
1998,Missouri,Adults who are current smokers,26.4,73.6,POINT (-92.5663000000448 38.63578999960896),,,Missouri,
2000,Pennsylvania,Adults who are current smokers,24.3,75.7,POINT (-77.86069999960512 40.79372999993973),,,Pennsylvania,
2004,Massachusetts,Adults who are current smokers,18.5,81.5,POINT (-72.08269000004333 42.27687000005062),,,Massachusetts,
2007,Louisiana,Adults who are current smokers,22.6,77.4,POINT (-92.44567999993188 31.31265999975932),,,Louisiana,
2010,Missouri,Adults who are current smokers,21.1,78.9,POINT (-92.5663000000448 38.63578999960896),,,Missouri,
2005,North Dakota,Adults who are current smokers,20.1,79.9,POINT (-100.11841999998285 47.475320000018144),,,North Dakota,
2002,Michigan,Adults who are current smokers,24.2,75.8,POINT (-84.71438999959867 44.661320000317914),,,Michigan,
2005,New York,Adults who are current smokers,20.5,79.5,POINT (-75.54396999981549 42.82699999955048),,,New York,
2005,California,Adults who are current smokers,15.2,84.8,POINT (-120.99958999997835 37.638300000444815),,,California,
1998,Arkansas,Adults who are current smokers,25.9,74.1,POINT (-92.27448999971358 34.748649999697875),,,Arkansas,
2009,District of Columbia,Adults who are current smokers,15.3,84.7,POINT (-77.03195999965413 38.89036999987576),,,District of Columbia,
2007,Connecticut,Adults who are current smokers,15.4,84.6,POINT (-72.6498400002157 41.56265999995918),,,Connecticut,
1996,Texas,Adults who are current smokers,22.9,77.1,POINT (-99.42676999973554 31.82724000022597),,,Texas,
2008,North Carolina,Adults who are current smokers,20.9,79.1,POINT (-79.1593199999179 35.46624999963797),,,North Carolina,
2008,Virginia,Adults who are current smokers,16.4,83.6,POINT (-78.45789000012326 37.54268000028196),,,Virginia,
2010,Nebraska,Adults who are current smokers,17.2,82.8,POINT (-99.36572999973953 41.6410400000961),,,Nebraska,
2007,New Hampshire,Adults who are current smokers,19.3,80.7,POINT (-71.50036000041354 43.65595000019255),,,New Hampshire,
2002,"Nationwide (States, DC, and Territories)",Adults who are current smokers,23.1,77,,,,"Nationwide (States, DC, and Territories)",
1995,Wyoming,Adults who are current smokers,22,78,POINT (-108.10982999975454 43.23553999957147),,,Wyoming,
1998,Oklahoma,Adults who are current smokers,23.9,76.1,POINT (-97.52034999975251 35.4720099999617),,,Oklahoma,
1995,Alaska,Adults who are current smokers,25.1,74.9,POINT (-147.72205999986895 64.84507999974238),,,Alaska,
2000,Wyoming,Adults who are current smokers,23.8,76.2,POINT (-108.10982999975454 43.23553999957147),,,Wyoming,
2001,Montana,Adults who are current smokers,21.9,78.1,POINT (-109.42441999998289 47.06653000015956),,,Montana,
1995,Nevada,Adults who are current smokers,26.4,73.6,POINT (-117.07183999971608 39.49323999972637),,,Nevada,
2008,Texas,Adults who are current smokers,18.5,81.5,POINT (-99.42676999973554 31.82724000022597),,,Texas,
1995,Virginia,Adults who are current smokers,22.1,77.9,POINT (-78.45789000012326 37.54268000028196),,,Virginia,
1998,California,Adults who are current smokers,19.2,80.8,POINT (-120.99958999997835 37.638300000444815),,,California,
2009,California,Adults who are current smokers,12.9,87.1,POINT (-120.99958999997835 37.638300000444815),,,California,
2001,Hawaii,Adults who are current smokers,20.5,79.5,POINT (-157.85774999956269 21.304850000427336),,,Hawaii,
2010,Puerto Rico,Adults who are current smokers,11.9,88.1,,,,Puerto Rico,
2001,Vermont,Adults who are current smokers,22.4,77.6,POINT (-72.51764000028561 43.625379999687425),,,Vermont,
2004,South Carolina,Adults who are current smokers,24.3,75.7,POINT (-81.0452500001872 33.99855000018255),,,South Carolina,
1999,Vermont,Adults who are current smokers,21.7,78.3,POINT (-72.51764000028561 43.625379999687425),,,Vermont,
2000,"Nationwide (States, DC, and Territories)",Adults who are current smokers,23.2,76.8,,,,"Nationwide (States, DC, and Territories)",
2010,Wisconsin,Adults who are current smokers,19.1,80.9,POINT (-89.81636999977553 44.39319000021851),,,Wisconsin,
2000,Oklahoma,Adults who are current smokers,23.3,76.7,POINT (-97.52034999975251 35.4720099999617),,,Oklahoma,
2010,West Virginia,Adults who are current smokers,26.8,73.2,POINT (-80.71263999973604 38.66550999958696),,,West Virginia,
1996,Maryland,Adults who are current smokers,20.9,79.1,POINT (-76.6092600004485 39.29057999976732),,,Maryland,
1997,South Carolina,Adults who are current smokers,23.4,76.6,POINT (-81.0452500001872 33.99855000018255),,,South Carolina,
2007,Iowa,Adults who are current smokers,19.8,80.2,POINT (-93.81649000001335 42.469390000048634),,,Iowa,
2008,Kentucky,Adults who are current smokers,25.2,74.8,POINT (-84.77496999996538 37.645969999815804),,,Kentucky,
1999,Puerto Rico,Adults who are current smokers,13.7,86.3,,,,Puerto Rico,
2006,Alabama,Adults who are current smokers,23.2,76.8,POINT (-86.63186000013877 32.840569999605975),,,Alabama,
2000,Ohio,Adults who are current smokers,26.2,73.8,POINT (-82.40426000019869 40.06020999969189),,,Ohio,
2010,Kansas,Adults who are current smokers,17,83,POINT (-98.20077999969709 38.34774000000118),,,Kansas,
1995,Connecticut,Adults who are current smokers,20.8,79.2,POINT (-72.6498400002157 41.56265999995918),,,Connecticut,
2009,New Mexico,Adults who are current smokers,17.9,82.1,POINT (-106.24057999976702 34.52088000011207),,,New Mexico,
2005,West Virginia,Adults who are current smokers,26.7,73.3,POINT (-80.71263999973604 38.66550999958696),,,West Virginia,
1997,New Mexico,Adults who are current smokers,22.1,77.9,POINT (-106.24057999976702 34.52088000011207),,,New Mexico,
2003,Louisiana,Adults who are current smokers,26.5,73.5,POINT (-92.44567999993188 31.31265999975932),,,Louisiana,
2009,Maryland,Adults who are current smokers,15.2,84.8,POINT (-76.6092600004485 39.29057999976732),,,Maryland,
1995,New Hampshire,Adults who are current smokers,21.5,78.5,POINT (-71.50036000041354 43.65595000019255),,,New Hampshire,
1997,Alaska,Adults who are current smokers,26.5,73.5,POINT (-147.72205999986895 64.84507999974238),,,Alaska,
2007,Alaska,Adults who are current smokers,22.2,77.8,POINT (-147.72205999986895 64.84507999974238),,,Alaska,
1999,Texas,Adults who are current smokers,22.4,77.6,POINT (-99.42676999973554 31.82724000022597),,,Texas,
2002,Louisiana,Adults who are current smokers,23.9,76.1,POINT (-92.44567999993188 31.31265999975932),,,Louisiana,
2007,Tennessee,Adults who are current smokers,24.3,75.7,POINT (-85.77449000011325 35.68094000038087),,,Tennessee,
2010,New Jersey,Adults who are current smokers,14.4,85.6,POINT (-74.2736899996936 40.13056999960594),,,New Jersey,
2006,New Mexico,Adults who are current smokers,20.1,79.9,POINT (-106.24057999976702 34.52088000011207),,,New Mexico,
2009,Washington,Adults who are current smokers,14.9,85.1,POINT (-120.47001000026114 47.522280000022135),,,Washington,
1999,Louisiana,Adults who are current smokers,23.5,76.5,POINT (-92.44567999993188 31.31265999975932),,,Louisiana,
1999,Missouri,Adults who are current smokers,27.1,72.9,POINT (-92.5663000000448 38.63578999960896),,,Missouri,
2001,Missouri,Adults who are current smokers,25.9,74.1,POINT (-92.5663000000448 38.63578999960896),,,Missouri,
2005,Colorado,Adults who are current smokers,19.8,80.2,POINT (-106.13314000041055 38.842890000173554),,,Colorado,
2007,Maine,Adults who are current smokers,20.2,79.8,POINT (-68.9850299999344 45.25423000041434),,,Maine,
1998,South Carolina,Adults who are current smokers,24.7,75.3,POINT (-81.0452500001872 33.99855000018255),,,South Carolina,
2009,Idaho,Adults who are current smokers,16.3,83.7,POINT (-114.36368000023168 43.682590000228515),,,Idaho,
2005,North Carolina,Adults who are current smokers,22.6,77.4,POINT (-79.1593199999179 35.46624999963797),,,North Carolina,
2010,California,Adults who are current smokers,12.1,87.9,POINT (-120.99958999997835 37.638300000444815),,,California,
1999,New Hampshire,Adults who are current smokers,22.3,77.7,POINT (-71.50036000041354 43.65595000019255),,,New Hampshire,
2007,Virgin Islands,Adults who are current smokers,8.6999999999999993,91.3,,,,Virgin Islands,
2006,Maine,Adults who are current smokers,20.9,79.1,POINT (-68.9850299999344 45.25423000041434),,,Maine,
1997,Pennsylvania,Adults who are current smokers,24.2,75.8,POINT (-77.86069999960512 40.79372999993973),,,Pennsylvania,
1996,South Dakota,Adults who are current smokers,20.7,79.3,POINT (-100.37353000040906 44.353130000049646),,,South Dakota,
2002,California,Adults who are current smokers,16.4,83.6,POINT (-120.99958999997835 37.638300000444815),,,California,
2000,Wisconsin,Adults who are current smokers,24.1,75.9,POINT (-89.81636999977553 44.39319000021851),,,Wisconsin,
2009,South Carolina,Adults who are current smokers,20.4,79.6,POINT (-81.0452500001872 33.99855000018255),,,South Carolina,
2008,Louisiana,Adults who are current smokers,20.5,79.5,POINT (-92.44567999993188 31.31265999975932),,,Louisiana,
2005,Tennessee,Adults who are current smokers,26.7,73.3,POINT (-85.77449000011325 35.68094000038087),,,Tennessee,
1998,Colorado,Adults who are current smokers,22.8,77.2,POINT (-106.13314000041055 38.842890000173554),,,Colorado,
2006,Mississippi,Adults who are current smokers,25.1,74.9,POINT (-89.53803000008429 32.7455100000866),,,Mississippi,
2010,South Carolina,Adults who are current smokers,21,79,POINT (-81.0452500001872 33.99855000018255),,,South Carolina,
2009,North Dakota,Adults who are current smokers,18.6,81.4,POINT (-100.11841999998285 47.475320000018144),,,North Dakota,
2008,Oregon,Adults who are current smokers,16.3,83.7,POINT (-120.15502999983448 44.567449999917756),,,Oregon,
1997,New Jersey,Adults who are current smokers,21.4,78.6,POINT (-74.2736899996936 40.13056999960594),,,New Jersey,
2001,Wisconsin,Adults who are current smokers,23.6,76.4,POINT (-89.81636999977553 44.39319000021851),,,Wisconsin,
1997,Iowa,Adults who are current smokers,23.1,76.9,POINT (-93.81649000001335 42.469390000048634),,,Iowa,
2000,Colorado,Adults who are current smokers,20,80,POINT (-106.13314000041055 38.842890000173554),,,Colorado,
2004,Washington,Adults who are current smokers,19.2,80.8,POINT (-120.47001000026114 47.522280000022135),,,Washington,
2003,Vermont,Adults who are current smokers,19.5,80.5,POINT (-72.51764000028561 43.625379999687425),,,Vermont,
2009,Hawaii,Adults who are current smokers,15.4,84.6,POINT (-157.85774999956269 21.304850000427336),,,Hawaii,
2006,Indiana,Adults who are current smokers,24.1,75.9,POINT (-86.14996000035359 39.76690999989677),,,Indiana,
2008,Iowa,Adults who are current smokers,18.8,81.2,POINT (-93.81649000001335 42.469390000048634),,,Iowa,
2002,Arizona,Adults who are current smokers,23.4,76.6,POINT (-111.76380999973156 34.86596999961597),,,Arizona,
1999,Utah,Adults who are current smokers,14,86,POINT (-111.58712999994941 39.36070000030492),,,Utah,
2005,Montana,Adults who are current smokers,19.2,80.8,POINT (-109.42441999998289 47.06653000015956),,,Montana,
2006,Tennessee,Adults who are current smokers,22.6,77.4,POINT (-85.77449000011325 35.68094000038087),,,Tennessee,
2006,Wyoming,Adults who are current smokers,21.6,78.4,POINT (-108.10982999975454 43.23553999957147),,,Wyoming,
2009,Delaware,Adults who are current smokers,18.3,81.7,POINT (-75.57774000040052 39.00883000020451),,,Delaware,
2008,Delaware,Adults who are current smokers,17.8,82.2,POINT (-75.57774000040052 39.00883000020451),,,Delaware,
1995,Ohio,Adults who are current smokers,26.1,73.9,POINT (-82.40426000019869 40.06020999969189),,,Ohio,
1996,District of Columbia,Adults who are current smokers,20.5,79.5,POINT (-77.03195999965413 38.89036999987576),,,District of Columbia,
2003,Maryland,Adults who are current smokers,20.1,79.9,POINT (-76.6092600004485 39.29057999976732),,,Maryland,
1996,Ohio,Adults who are current smokers,28.4,71.6,POINT (-82.40426000019869 40.06020999969189),,,Ohio,
2006,South Carolina,Adults who are current smokers,22.3,77.7,POINT (-81.0452500001872 33.99855000018255),,,South Carolina,
2009,Michigan,Adults who are current smokers,19.6,80.4,POINT (-84.71438999959867 44.661320000317914),,,Michigan,
2010,Mississippi,Adults who are current smokers,22.9,77.1,POINT (-89.53803000008429 32.7455100000866),,,Mississippi,
1998,New Hampshire,Adults who are current smokers,23.3,76.7,POINT (-71.50036000041354 43.65595000019255),,,New Hampshire,
2001,Nevada,Adults who are current smokers,26.9,73.1,POINT (-117.07183999971608 39.49323999972637),,,Nevada,
2000,New York,Adults who are current smokers,21.6,78.4,POINT (-75.54396999981549 42.82699999955048),,,New York,
1997,Oklahoma,Adults who are current smokers,24.6,75.4,POINT (-97.52034999975251 35.4720099999617),,,Oklahoma,
2009,Minnesota,Adults who are current smokers,16.8,83.2,POINT (-94.79419999982997 46.3556499998478),,,Minnesota,
2004,New Mexico,Adults who are current smokers,20.3,79.7,POINT (-106.24057999976702 34.52088000011207),,,New Mexico,
1995,Massachusetts,Adults who are current smokers,21.8,78.2,POINT (-72.08269000004333 42.27687000005062),,,Massachusetts,
2008,Nationwide (States and DC),Adults who are current smokers,18.399999999999999,81.599999999999994,,,,Nationwide (States and DC),
2010,Washington,Adults who are current smokers,15.2,84.8,POINT (-120.47001000026114 47.522280000022135),,,Washington,
2006,Wisconsin,Adults who are current smokers,20.8,79.2,POINT (-89.81636999977553 44.39319000021851),,,Wisconsin,
2007,Rhode Island,Adults who are current smokers,17,83,POINT (-71.5224700001902 41.70828000002217),,,Rhode Island,
2004,Virgin Islands,Adults who are current smokers,9.4,90.6,,,,Virgin Islands,
2003,Arkansas,Adults who are current smokers,24.8,75.2,POINT (-92.27448999971358 34.748649999697875),,,Arkansas,
2005,Georgia,Adults who are current smokers,22.1,77.9,POINT (-83.62758000031658 32.83967999993223),,,Georgia,
2007,Illinois,Adults who are current smokers,20.1,79.9,POINT (-88.99770999971656 40.485010000411364),,,Illinois,
2008,South Carolina,Adults who are current smokers,20,80,POINT (-81.0452500001872 33.99855000018255),,,South Carolina,
1997,Alabama,Adults who are current smokers,24.6,75.4,POINT (-86.63186000013877 32.840569999605975),,,Alabama,
2002,Iowa,Adults who are current smokers,23.2,76.8,POINT (-93.81649000001335 42.469390000048634),,,Iowa,
1996,New Jersey,Adults who are current smokers,22.7,77.3,POINT (-74.2736899996936 40.13056999960594),,,New Jersey,
1997,Arizona,Adults who are current smokers,21.1,78.9,POINT (-111.76380999973156 34.86596999961597),,,Arizona,
2010,Alaska,Adults who are current smokers,20.4,79.6,POINT (-147.72205999986895 64.84507999974238),,,Alaska,
2009,Virgin Islands,Adults who are current smokers,6.4,93.6,,,,Virgin Islands,
1999,Colorado,Adults who are current smokers,22.5,77.5,POINT (-106.13314000041055 38.842890000173554),,,Colorado,
2003,Kentucky,Adults who are current smokers,30.8,69.2,POINT (-84.77496999996538 37.645969999815804),,,Kentucky,
1997,New Hampshire,Adults who are current smokers,24.7,75.3,POINT (-71.50036000041354 43.65595000019255),,,New Hampshire,
2000,Montana,Adults who are current smokers,18.8,81.2,POINT (-109.42441999998289 47.06653000015956),,,Montana,
1999,Montana,Adults who are current smokers,20.2,79.8,POINT (-109.42441999998289 47.06653000015956),,,Montana,
2007,Missouri,Adults who are current smokers,24.5,75.5,POINT (-92.5663000000448 38.63578999960896),,,Missouri,
1999,Arizona,Adults who are current smokers,20.1,79.9,POINT (-111.76380999973156 34.86596999961597),,,Arizona,
1998,Vermont,Adults who are current smokers,22.3,77.7,POINT (-72.51764000028561 43.625379999687425),,,Vermont,
2000,New Hampshire,Adults who are current smokers,25.3,74.7,POINT (-71.50036000041354 43.65595000019255),,,New Hampshire,
2004,Rhode Island,Adults who are current smokers,21.3,78.7,POINT (-71.5224700001902 41.70828000002217),,,Rhode Island,
1996,Pennsylvania,Adults who are current smokers,24.5,75.5,POINT (-77.86069999960512 40.79372999993973),,,Pennsylvania,
1996,North Dakota,Adults who are current smokers,23.4,76.6,POINT (-100.11841999998285 47.475320000018144),,,North Dakota,
2009,Connecticut,Adults who are current smokers,15.4,84.6,POINT (-72.6498400002157 41.56265999995918),,,Connecticut,
2004,Alaska,Adults who are current smokers,24.8,75.2,POINT (-147.72205999986895 64.84507999974238),,,Alaska,
2002,New Hampshire,Adults who are current smokers,23.2,76.8,POINT (-71.50036000041354 43.65595000019255),,,New Hampshire,
2001,Puerto Rico,Adults who are current smokers,12.5,87.5,,,,Puerto Rico,
1997,Washington,Adults who are current smokers,23.8,76.2,POINT (-120.47001000026114 47.522280000022135),,,Washington,
2003,Alabama,Adults who are current smokers,25.3,74.7,POINT (-86.63186000013877 32.840569999605975),,,Alabama,
2002,New Jersey,Adults who are current smokers,19,81,POINT (-74.2736899996936 40.13056999960594),,,New Jersey,
2001,New Jersey,Adults who are current smokers,21.1,78.9,POINT (-74.2736899996936 40.13056999960594),,,New Jersey,
2006,Nevada,Adults who are current smokers,22.2,77.8,POINT (-117.07183999971608 39.49323999972637),,,Nevada,
1998,West Virginia,Adults who are current smokers,27.9,72.1,POINT (-80.71263999973604 38.66550999958696),,,West Virginia,
2008,Puerto Rico,Adults who are current smokers,11.6,88.4,,,,Puerto Rico,
1999,Kentucky,Adults who are current smokers,29.7,70.3,POINT (-84.77496999996538 37.645969999815804),,,Kentucky,
2000,Kentucky,Adults who are current smokers,30.5,69.5,POINT (-84.77496999996538 37.645969999815804),,,Kentucky,
2008,Illinois,Adults who are current smokers,21.3,78.7,POINT (-88.99770999971656 40.485010000411364),,,Illinois,
2009,Kansas,Adults who are current smokers,17.8,82.2,POINT (-98.20077999969709 38.34774000000118),,,Kansas,
2003,New Jersey,Adults who are current smokers,19.4,80.6,POINT (-74.2736899996936 40.13056999960594),,,New Jersey,
2000,Georgia,Adults who are current smokers,23.5,76.5,POINT (-83.62758000031658 32.83967999993223),,,Georgia,
2007,Vermont,Adults who are current smokers,17.6,82.4,POINT (-72.51764000028561 43.625379999687425),,,Vermont,
2004,Iowa,Adults who are current smokers,20.8,79.2,POINT (-93.81649000001335 42.469390000048634),,,Iowa,
2000,Tennessee,Adults who are current smokers,25.7,74.3,POINT (-85.77449000011325 35.68094000038087),,,Tennessee,
2001,Kentucky,Adults who are current smokers,30.9,69.1,POINT (-84.77496999996538 37.645969999815804),,,Kentucky,
1998,Oregon,Adults who are current smokers,21.1,78.9,POINT (-120.15502999983448 44.567449999917756),,,Oregon,
1999,Arkansas,Adults who are current smokers,27.2,72.8,POINT (-92.27448999971358 34.748649999697875),,,Arkansas,
2010,Oregon,Adults who are current smokers,15.1,84.9,POINT (-120.15502999983448 44.567449999917756),,,Oregon,
1996,California,Adults who are current smokers,18.6,81.4,POINT (-120.99958999997835 37.638300000444815),,,California,
2010,Maine,Adults who are current smokers,18.2,81.8,POINT (-68.9850299999344 45.25423000041434),,,Maine,
2002,Montana,Adults who are current smokers,21.2,78.8,POINT (-109.42441999998289 47.06653000015956),,,Montana,
1996,Virginia,Adults who are current smokers,24.8,75.2,POINT (-78.45789000012326 37.54268000028196),,,Virginia,
2006,Oregon,Adults who are current smokers,18.5,81.5,POINT (-120.15502999983448 44.567449999917756),,,Oregon,
2000,Idaho,Adults who are current smokers,22.3,77.7,POINT (-114.36368000023168 43.682590000228515),,,Idaho,
1999,Nevada,Adults who are current smokers,31.5,68.5,POINT (-117.07183999971608 39.49323999972637),,,Nevada,
1995,Mississippi,Adults who are current smokers,24.1,75.9,POINT (-89.53803000008429 32.7455100000866),,,Mississippi,
2006,Missouri,Adults who are current smokers,23.2,76.8,POINT (-92.5663000000448 38.63578999960896),,,Missouri,
2004,North Carolina,Adults who are current smokers,23.1,76.9,POINT (-79.1593199999179 35.46624999963797),,,North Carolina,
2006,Illinois,Adults who are current smokers,20.5,79.5,POINT (-88.99770999971656 40.485010000411364),,,Illinois,
2001,New York,Adults who are current smokers,23.2,76.8,POINT (-75.54396999981549 42.82699999955048),,,New York,
2001,North Carolina,Adults who are current smokers,25.7,74.3,POINT (-79.1593199999179 35.46624999963797),,,North Carolina,
2003,Nevada,Adults who are current smokers,25.2,74.8,POINT (-117.07183999971608 39.49323999972637),,,Nevada,
2000,South Dakota,Adults who are current smokers,21.9,78.1,POINT (-100.37353000040906 44.353130000049646),,,South Dakota,
2004,Pennsylvania,Adults who are current smokers,22.7,77.3,POINT (-77.86069999960512 40.79372999993973),,,Pennsylvania,
2010,Connecticut,Adults who are current smokers,13.2,86.8,POINT (-72.6498400002157 41.56265999995918),,,Connecticut,
2009,Iowa,Adults who are current smokers,17.2,82.8,POINT (-93.81649000001335 42.469390000048634),,,Iowa,
2001,Minnesota,Adults who are current smokers,22.2,77.8,POINT (-94.79419999982997 46.3556499998478),,,Minnesota,
2003,Tennessee,Adults who are current smokers,25.6,74.4,POINT (-85.77449000011325 35.68094000038087),,,Tennessee,
1999,Mississippi,Adults who are current smokers,22.9,77.1,POINT (-89.53803000008429 32.7455100000866),,,Mississippi,
1999,Michigan,Adults who are current smokers,25.1,74.9,POINT (-84.71438999959867 44.661320000317914),,,Michigan,
2002,Wyoming,Adults who are current smokers,23.7,76.3,POINT (-108.10982999975454 43.23553999957147),,,Wyoming,
2004,Georgia,Adults who are current smokers,20,80,POINT (-83.62758000031658 32.83967999993223),,,Georgia,
2006,Arizona,Adults who are current smokers,18.2,81.8,POINT (-111.76380999973156 34.86596999961597),,,Arizona,
2003,Rhode Island,Adults who are current smokers,22.4,77.6,POINT (-71.5224700001902 41.70828000002217),,,Rhode Island,
2008,Connecticut,Adults who are current smokers,15.9,84.1,POINT (-72.6498400002157 41.56265999995918),,,Connecticut,
2008,Colorado,Adults who are current smokers,17.6,82.4,POINT (-106.13314000041055 38.842890000173554),,,Colorado,
2003,Georgia,Adults who are current smokers,22.8,77.2,POINT (-83.62758000031658 32.83967999993223),,,Georgia,
1997,Louisiana,Adults who are current smokers,24.5,75.5,POINT (-92.44567999993188 31.31265999975932),,,Louisiana,
1998,Connecticut,Adults who are current smokers,20.9,79.1,POINT (-72.6498400002157 41.56265999995918),,,Connecticut,
2010,Illinois,Adults who are current smokers,16.9,83.1,POINT (-88.99770999971656 40.485010000411364),,,Illinois,
2003,Virginia,Adults who are current smokers,22,78,POINT (-78.45789000012326 37.54268000028196),,,Virginia,
2006,Nebraska,Adults who are current smokers,18.7,81.3,POINT (-99.36572999973953 41.6410400000961),,,Nebraska,
2008,Indiana,Adults who are current smokers,26,74,POINT (-86.14996000035359 39.76690999989677),,,Indiana,
1995,Maine,Adults who are current smokers,25,75,POINT (-68.9850299999344 45.25423000041434),,,Maine,
2006,New Hampshire,Adults who are current smokers,18.7,81.3,POINT (-71.50036000041354 43.65595000019255),,,New Hampshire,
1997,Utah,Adults who are current smokers,13.8,86.2,POINT (-111.58712999994941 39.36070000030492),,,Utah,
1997,Missouri,Adults who are current smokers,28.6,71.4,POINT (-92.5663000000448 38.63578999960896),,,Missouri,
2005,Nationwide (States and DC),Adults who are current smokers,20.6,79.400000000000006,,,,Nationwide (States and DC),
2005,Delaware,Adults who are current smokers,20.6,79.4,POINT (-75.57774000040052 39.00883000020451),,,Delaware,
2003,Utah,Adults who are current smokers,11.9,88.1,POINT (-111.58712999994941 39.36070000030492),,,Utah,
2003,New York,Adults who are current smokers,21.6,78.4,POINT (-75.54396999981549 42.82699999955048),,,New York,
1996,Tennessee,Adults who are current smokers,28,72,POINT (-85.77449000011325 35.68094000038087),,,Tennessee,
2009,Indiana,Adults who are current smokers,23.1,76.9,POINT (-86.14996000035359 39.76690999989677),,,Indiana,
1995,Montana,Adults who are current smokers,21.2,78.8,POINT (-109.42441999998289 47.06653000015956),,,Montana,
2003,Idaho,Adults who are current smokers,19,81,POINT (-114.36368000023168 43.682590000228515),,,Idaho,
1999,Florida,Adults who are current smokers,20.6,79.4,POINT (-81.9289599999039 28.932039999846268),,,Florida,
2007,Georgia,Adults who are current smokers,19.4,80.6,POINT (-83.62758000031658 32.83967999993223),,,Georgia,
1997,Indiana,Adults who are current smokers,26.4,73.6,POINT (-86.14996000035359 39.76690999989677),,,Indiana,
1999,New Mexico,Adults who are current smokers,22.4,77.6,POINT (-106.24057999976702 34.52088000011207),,,New Mexico,
2004,Connecticut,Adults who are current smokers,18.1,81.9,POINT (-72.6498400002157 41.56265999995918),,,Connecticut,
1998,Virginia,Adults who are current smokers,22.9,77.1,POINT (-78.45789000012326 37.54268000028196),,,Virginia,
2003,Wisconsin,Adults who are current smokers,22,78,POINT (-89.81636999977553 44.39319000021851),,,Wisconsin,
2003,District of Columbia,Adults who are current smokers,22,78,POINT (-77.03195999965413 38.89036999987576),,,District of Columbia,
2001,Oklahoma,Adults who are current smokers,28.7,71.3,POINT (-97.52034999975251 35.4720099999617),,,Oklahoma,
2007,New York,Adults who are current smokers,18.9,81.1,POINT (-75.54396999981549 42.82699999955048),,,New York,
2004,South Dakota,Adults who are current smokers,20.3,79.7,POINT (-100.37353000040906 44.353130000049646),,,South Dakota,
1996,Idaho,Adults who are current smokers,21.1,78.9,POINT (-114.36368000023168 43.682590000228515),,,Idaho,
2009,New York,Adults who are current smokers,18,82,POINT (-75.54396999981549 42.82699999955048),,,New York,
2001,Oregon,Adults who are current smokers,20.5,79.5,POINT (-120.15502999983448 44.567449999917756),,,Oregon,
1999,Iowa,Adults who are current smokers,23.5,76.5,POINT (-93.81649000001335 42.469390000048634),,,Iowa,
2001,Idaho,Adults who are current smokers,19.6,80.4,POINT (-114.36368000023168 43.682590000228515),,,Idaho,
2008,Utah,Adults who are current smokers,9.3,90.7,POINT (-111.58712999994941 39.36070000030492),,,Utah,
2008,Michigan,Adults who are current smokers,20.5,79.5,POINT (-84.71438999959867 44.661320000317914),,,Michigan,
2002,Washington,Adults who are current smokers,21.5,78.5,POINT (-120.47001000026114 47.522280000022135),,,Washington,
2003,Illinois,Adults who are current smokers,23.4,76.6,POINT (-88.99770999971656 40.485010000411364),,,Illinois,
2001,Virgin Islands,Adults who are current smokers,9.6,90.4,,,,Virgin Islands,
2010,Michigan,Adults who are current smokers,18.9,81.1,POINT (-84.71438999959867 44.661320000317914),,,Michigan,
2009,New Jersey,Adults who are current smokers,15.8,84.2,POINT (-74.2736899996936 40.13056999960594),,,New Jersey,
1996,West Virginia,Adults who are current smokers,26.6,73.4,POINT (-80.71263999973604 38.66550999958696),,,West Virginia,
1995,Kentucky,Adults who are current smokers,27.8,72.2,POINT (-84.77496999996538 37.645969999815804),,,Kentucky,
1997,Puerto Rico,Adults who are current smokers,14.4,85.6,,,,Puerto Rico,
2004,Kentucky,Adults who are current smokers,27.5,72.5,POINT (-84.77496999996538 37.645969999815804),,,Kentucky,
2003,Maine,Adults who are current smokers,23.7,76.3,POINT (-68.9850299999344 45.25423000041434),,,Maine,
1997,Arkansas,Adults who are current smokers,28.4,71.6,POINT (-92.27448999971358 34.748649999697875),,,Arkansas,
2006,Washington,Adults who are current smokers,17.1,82.9,POINT (-120.47001000026114 47.522280000022135),,,Washington,
2004,District of Columbia,Adults who are current smokers,20.9,79.1,POINT (-77.03195999965413 38.89036999987576),,,District of Columbia,
2000,District of Columbia,Adults who are current smokers,20.9,79.1,POINT (-77.03195999965413 38.89036999987576),,,District of Columbia,
1999,Wyoming,Adults who are current smokers,23.9,76.1,POINT (-108.10982999975454 43.23553999957147),,,Wyoming,
2006,South Dakota,Adults who are current smokers,20.3,79.7,POINT (-100.37353000040906 44.353130000049646),,,South Dakota,
2004,West Virginia,Adults who are current smokers,26.9,73.1,POINT (-80.71263999973604 38.66550999958696),,,West Virginia,
2007,District of Columbia,Adults who are current smokers,17.2,82.8,POINT (-77.03195999965413 38.89036999987576),,,District of Columbia,
2004,Minnesota,Adults who are current smokers,20.7,79.3,POINT (-94.79419999982997 46.3556499998478),,,Minnesota,
2003,Arizona,Adults who are current smokers,20.8,79.2,POINT (-111.76380999973156 34.86596999961597),,,Arizona,
2001,Alaska,Adults who are current smokers,26.2,73.8,POINT (-147.72205999986895 64.84507999974238),,,Alaska,
2007,Nebraska,Adults who are current smokers,19.9,80.1,POINT (-99.36572999973953 41.6410400000961),,,Nebraska,
1995,Nationwide (States and DC),Adults who are current smokers,22.7,77.3,,,,Nationwide (States and DC),
2003,Mississippi,Adults who are current smokers,25.6,74.4,POINT (-89.53803000008429 32.7455100000866),,,Mississippi,
2010,Idaho,Adults who are current smokers,15.7,84.3,POINT (-114.36368000023168 43.682590000228515),,,Idaho,
1995,Idaho,Adults who are current smokers,19.8,80.2,POINT (-114.36368000023168 43.682590000228515),,,Idaho,
2006,Montana,Adults who are current smokers,18.9,81.1,POINT (-109.42441999998289 47.06653000015956),,,Montana,
2005,Oregon,Adults who are current smokers,18.5,81.5,POINT (-120.15502999983448 44.567449999917756),,,Oregon,
1998,Kentucky,Adults who are current smokers,30.8,69.2,POINT (-84.77496999996538 37.645969999815804),,,Kentucky,
2001,Maine,Adults who are current smokers,23.9,76.1,POINT (-68.9850299999344 45.25423000041434),,,Maine,
2004,Puerto Rico,Adults who are current smokers,12.6,87.4,,,,Puerto Rico,
2009,Arkansas,Adults who are current smokers,21.5,78.5,POINT (-92.27448999971358 34.748649999697875),,,Arkansas,
1998,Alaska,Adults who are current smokers,26.1,73.9,POINT (-147.72205999986895 64.84507999974238),,,Alaska,
2007,Nevada,Adults who are current smokers,21.5,78.5,POINT (-117.07183999971608 39.49323999972637),,,Nevada,
2000,Virginia,Adults who are current smokers,21.4,78.6,POINT (-78.45789000012326 37.54268000028196),,,Virginia,
2010,New Mexico,Adults who are current smokers,18.5,81.5,POINT (-106.24057999976702 34.52088000011207),,,New Mexico,
1998,North Carolina,Adults who are current smokers,24.6,75.4,POINT (-79.1593199999179 35.46624999963797),,,North Carolina,
2001,Connecticut,Adults who are current smokers,20.6,79.4,POINT (-72.6498400002157 41.56265999995918),,,Connecticut,
2007,Puerto Rico,Adults who are current smokers,12.2,87.8,,,,Puerto Rico,
2006,Alaska,Adults who are current smokers,24,76,POINT (-147.72205999986895 64.84507999974238),,,Alaska,
2009,Kentucky,Adults who are current smokers,25.6,74.4,POINT (-84.77496999996538 37.645969999815804),,,Kentucky,
1995,Washington,Adults who are current smokers,20.2,79.8,POINT (-120.47001000026114 47.522280000022135),,,Washington,
1998,Iowa,Adults who are current smokers,23.4,76.6,POINT (-93.81649000001335 42.469390000048634),,,Iowa,
2005,Maine,Adults who are current smokers,20.8,79.2,POINT (-68.9850299999344 45.25423000041434),,,Maine,
2000,Alaska,Adults who are current smokers,25,75,POINT (-147.72205999986895 64.84507999974238),,,Alaska,
1996,Colorado,Adults who are current smokers,22.8,77.2,POINT (-106.13314000041055 38.842890000173554),,,Colorado,
1997,Colorado,Adults who are current smokers,22.5,77.5,POINT (-106.13314000041055 38.842890000173554),,,Colorado,
2005,Massachusetts,Adults who are current smokers,18.1,81.9,POINT (-72.08269000004333 42.27687000005062),,,Massachusetts,
1996,Washington,Adults who are current smokers,23.4,76.6,POINT (-120.47001000026114 47.522280000022135),,,Washington,
2008,Alaska,Adults who are current smokers,21.5,78.5,POINT (-147.72205999986895 64.84507999974238),,,Alaska,
2004,Vermont,Adults who are current smokers,20,80,POINT (-72.51764000028561 43.625379999687425),,,Vermont,
2007,Utah,Adults who are current smokers,11.7,88.3,POINT (-111.58712999994941 39.36070000030492),,,Utah,
2003,Virgin Islands,Adults who are current smokers,10,90,,,,Virgin Islands,
2001,Indiana,Adults who are current smokers,27.4,72.6,POINT (-86.14996000035359 39.76690999989677),,,Indiana,
1995,Rhode Island,Adults who are current smokers,24.7,75.3,POINT (-71.5224700001902 41.70828000002217),,,Rhode Island,
1998,Maine,Adults who are current smokers,22.4,77.6,POINT (-68.9850299999344 45.25423000041434),,,Maine,
1995,Indiana,Adults who are current smokers,27.2,72.8,POINT (-86.14996000035359 39.76690999989677),,,Indiana,
2002,District of Columbia,Adults who are current smokers,20.4,79.6,POINT (-77.03195999965413 38.89036999987576),,,District of Columbia,
2010,Guam,Adults who are current smokers,25.8,74.2,,,,Guam,
2007,Michigan,Adults who are current smokers,21.1,78.9,POINT (-84.71438999959867 44.661320000317914),,,Michigan,
2008,North Dakota,Adults who are current smokers,18.1,81.9,POINT (-100.11841999998285 47.475320000018144),,,North Dakota,
1998,Louisiana,Adults who are current smokers,25.5,74.5,POINT (-92.44567999993188 31.31265999975932),,,Louisiana,
2002,Idaho,Adults who are current smokers,20.6,79.4,POINT (-114.36368000023168 43.682590000228515),,,Idaho,
2009,Arizona,Adults who are current smokers,16.1,83.9,POINT (-111.76380999973156 34.86596999961597),,,Arizona,
1998,Georgia,Adults who are current smokers,23.6,76.4,POINT (-83.62758000031658 32.83967999993223),,,Georgia,
2004,Wyoming,Adults who are current smokers,21.7,78.3,POINT (-108.10982999975454 43.23553999957147),,,Wyoming,
1998,Mississippi,Adults who are current smokers,24.1,75.9,POINT (-89.53803000008429 32.7455100000866),,,Mississippi,
2001,South Carolina,Adults who are current smokers,26,74,POINT (-81.0452500001872 33.99855000018255),,,South Carolina,
2001,Arizona,Adults who are current smokers,21.5,78.5,POINT (-111.76380999973156 34.86596999961597),,,Arizona,
1999,Pennsylvania,Adults who are current smokers,23.1,76.9,POINT (-77.86069999960512 40.79372999993973),,,Pennsylvania,
2002,Florida,Adults who are current smokers,22,78,POINT (-81.9289599999039 28.932039999846268),,,Florida,
2005,Oklahoma,Adults who are current smokers,25.1,74.9,POINT (-97.52034999975251 35.4720099999617),,,Oklahoma,
2006,North Carolina,Adults who are current smokers,22.1,77.9,POINT (-79.1593199999179 35.46624999963797),,,North Carolina,
2004,Maryland,Adults who are current smokers,19.5,80.5,POINT (-76.6092600004485 39.29057999976732),,,Maryland,
2010,Virgin Islands,Adults who are current smokers,5.8,94.2,,,,Virgin Islands,
1998,Delaware,Adults who are current smokers,24.5,75.5,POINT (-75.57774000040052 39.00883000020451),,,Delaware,
1995,Vermont,Adults who are current smokers,22.1,77.9,POINT (-72.51764000028561 43.625379999687425),,,Vermont,
1995,Maryland,Adults who are current smokers,21.3,78.7,POINT (-76.6092600004485 39.29057999976732),,,Maryland,
2004,Indiana,Adults who are current smokers,24.9,75.1,POINT (-86.14996000035359 39.76690999989677),,,Indiana,
1995,New Mexico,Adults who are current smokers,21.2,78.8,POINT (-106.24057999976702 34.52088000011207),,,New Mexico,
1999,Nationwide (States and DC),Adults who are current smokers,22.8,77.2,,,,Nationwide (States and DC),
2009,Alabama,Adults who are current smokers,22.5,77.5,POINT (-86.63186000013877 32.840569999605975),,,Alabama,
2008,Georgia,Adults who are current smokers,19.5,80.5,POINT (-83.62758000031658 32.83967999993223),,,Georgia,
2009,Rhode Island,Adults who are current smokers,15.1,84.9,POINT (-71.5224700001902 41.70828000002217),,,Rhode Island,
2008,Virgin Islands,Adults who are current smokers,6.4,93.6,,,,Virgin Islands,
2002,Rhode Island,Adults who are current smokers,22.4,77.6,POINT (-71.5224700001902 41.70828000002217),,,Rhode Island,
1996,Kentucky,Adults who are current smokers,31.7,68.3,POINT (-84.77496999996538 37.645969999815804),,,Kentucky,
1996,Kansas,Adults who are current smokers,22.1,77.9,POINT (-98.20077999969709 38.34774000000118),,,Kansas,
2007,New Mexico,Adults who are current smokers,20.8,79.2,POINT (-106.24057999976702 34.52088000011207),,,New Mexico,
1995,Nebraska,Adults who are current smokers,21.9,78.1,POINT (-99.36572999973953 41.6410400000961),,,Nebraska,
1995,North Carolina,Adults who are current smokers,25.9,74.1,POINT (-79.1593199999179 35.46624999963797),,,North Carolina,
2004,New Jersey,Adults who are current smokers,18.8,81.2,POINT (-74.2736899996936 40.13056999960594),,,New Jersey,
2007,Montana,Adults who are current smokers,19.5,80.5,POINT (-109.42441999998289 47.06653000015956),,,Montana,
2003,Colorado,Adults who are current smokers,18.6,81.4,POINT (-106.13314000041055 38.842890000173554),,,Colorado,
2003,Minnesota,Adults who are current smokers,21.1,78.9,POINT (-94.79419999982997 46.3556499998478),,,Minnesota,
2002,South Dakota,Adults who are current smokers,22.6,77.4,POINT (-100.37353000040906 44.353130000049646),,,South Dakota,
2009,Illinois,Adults who are current smokers,18.6,81.4,POINT (-88.99770999971656 40.485010000411364),,,Illinois,
2002,Oklahoma,Adults who are current smokers,26.6,73.4,POINT (-97.52034999975251 35.4720099999617),,,Oklahoma,
2003,North Carolina,Adults who are current smokers,24.8,75.2,POINT (-79.1593199999179 35.46624999963797),,,North Carolina,
2006,Texas,Adults who are current smokers,17.9,82.1,POINT (-99.42676999973554 31.82724000022597),,,Texas,
2003,Oregon,Adults who are current smokers,20.9,79.1,POINT (-120.15502999983448 44.567449999917756),,,Oregon,
2008,Alabama,Adults who are current smokers,22.1,77.9,POINT (-86.63186000013877 32.840569999605975),,,Alabama,
2003,Missouri,Adults who are current smokers,27.2,72.8,POINT (-92.5663000000448 38.63578999960896),,,Missouri,
1995,Florida,Adults who are current smokers,23.2,76.8,POINT (-81.9289599999039 28.932039999846268),,,Florida,
2008,Mississippi,Adults who are current smokers,22.7,77.3,POINT (-89.53803000008429 32.7455100000866),,,Mississippi,
1999,Minnesota,Adults who are current smokers,19.5,80.5,POINT (-94.79419999982997 46.3556499998478),,,Minnesota,
2003,Indiana,Adults who are current smokers,26.1,73.9,POINT (-86.14996000035359 39.76690999989677),,,Indiana,
2002,Texas,Adults who are current smokers,22.9,77.1,POINT (-99.42676999973554 31.82724000022597),,,Texas,
1995,South Carolina,Adults who are current smokers,23.8,76.2,POINT (-81.0452500001872 33.99855000018255),,,South Carolina,
2005,Ohio,Adults who are current smokers,22.3,77.7,POINT (-82.40426000019869 40.06020999969189),,,Ohio,
2007,Arizona,Adults who are current smokers,19.8,80.2,POINT (-111.76380999973156 34.86596999961597),,,Arizona,
2010,Nevada,Adults who are current smokers,21.3,78.7,POINT (-117.07183999971608 39.49323999972637),,,Nevada,
1998,Kansas,Adults who are current smokers,21.1,78.9,POINT (-98.20077999969709 38.34774000000118),,,Kansas,
1995,Oregon,Adults who are current smokers,21.9,78.1,POINT (-120.15502999983448 44.567449999917756),,,Oregon,
2001,Kansas,Adults who are current smokers,22.2,77.8,POINT (-98.20077999969709 38.34774000000118),,,Kansas,
1995,Alabama,Adults who are current smokers,24.6,75.4,POINT (-86.63186000013877 32.840569999605975),,,Alabama,
2010,Delaware,Adults who are current smokers,17.3,82.7,POINT (-75.57774000040052 39.00883000020451),,,Delaware,
2001,Washington,Adults who are current smokers,22.5,77.5,POINT (-120.47001000026114 47.522280000022135),,,Washington,
2010,Wyoming,Adults who are current smokers,19.5,80.5,POINT (-108.10982999975454 43.23553999957147),,,Wyoming,
2000,South Carolina,Adults who are current smokers,24.9,75.1,POINT (-81.0452500001872 33.99855000018255),,,South Carolina,
2002,Nationwide (States and DC),Adults who are current smokers,23.2,76.8,,,,Nationwide (States and DC),
1996,New Mexico,Adults who are current smokers,22.8,77.2,POINT (-106.24057999976702 34.52088000011207),,,New Mexico,
2009,Texas,Adults who are current smokers,17.9,82.1,POINT (-99.42676999973554 31.82724000022597),,,Texas,
2005,Rhode Island,Adults who are current smokers,19.8,80.2,POINT (-71.5224700001902 41.70828000002217),,,Rhode Island,
2008,Nevada,Adults who are current smokers,22.2,77.8,POINT (-117.07183999971608 39.49323999972637),,,Nevada,
2008,Wyoming,Adults who are current smokers,19.4,80.6,POINT (-108.10982999975454 43.23553999957147),,,Wyoming,
1996,Montana,Adults who are current smokers,21.7,78.3,POINT (-109.42441999998289 47.06653000015956),,,Montana,
2006,Oklahoma,Adults who are current smokers,25.1,74.9,POINT (-97.52034999975251 35.4720099999617),,,Oklahoma,
1997,Michigan,Adults who are current smokers,26,74,POINT (-84.71438999959867 44.661320000317914),,,Michigan,
2000,Vermont,Adults who are current smokers,21.5,78.5,POINT (-72.51764000028561 43.625379999687425),,,Vermont,
2010,Oklahoma,Adults who are current smokers,23.7,76.3,POINT (-97.52034999975251 35.4720099999617),,,Oklahoma,
1995,Missouri,Adults who are current smokers,24.4,75.6,POINT (-92.5663000000448 38.63578999960896),,,Missouri,
2008,Maine,Adults who are current smokers,18.2,81.8,POINT (-68.9850299999344 45.25423000041434),,,Maine,
1998,Florida,Adults who are current smokers,22,78,POINT (-81.9289599999039 28.932039999846268),,,Florida,
1998,Puerto Rico,Adults who are current smokers,15.3,84.7,,,,Puerto Rico,
2006,Utah,Adults who are current smokers,9.8,90.2,POINT (-111.58712999994941 39.36070000030492),,,Utah,
2004,Virginia,Adults who are current smokers,20.8,79.2,POINT (-78.45789000012326 37.54268000028196),,,Virginia,
2009,Florida,Adults who are current smokers,17.1,82.9,POINT (-81.9289599999039 28.932039999846268),,,Florida,
2002,Pennsylvania,Adults who are current smokers,24.5,75.5,POINT (-77.86069999960512 40.79372999993973),,,Pennsylvania,
2007,Florida,Adults who are current smokers,19.3,80.7,POINT (-81.9289599999039 28.932039999846268),,,Florida,
1996,Iowa,Adults who are current smokers,23.6,76.4,POINT (-93.81649000001335 42.469390000048634),,,Iowa,
1997,Connecticut,Adults who are current smokers,21.6,78.4,POINT (-72.6498400002157 41.56265999995918),,,Connecticut,
1996,Rhode Island,Adults who are current smokers,22.5,77.5,POINT (-71.5224700001902 41.70828000002217),,,Rhode Island,
1999,South Carolina,Adults who are current smokers,23.6,76.4,POINT (-81.0452500001872 33.99855000018255),,,South Carolina,
2009,Wisconsin,Adults who are current smokers,18.8,81.2,POINT (-89.81636999977553 44.39319000021851),,,Wisconsin,
2002,Kansas,Adults who are current smokers,22.1,77.9,POINT (-98.20077999969709 38.34774000000118),,,Kansas,
2008,New Hampshire,Adults who are current smokers,17.1,82.9,POINT (-71.50036000041354 43.65595000019255),,,New Hampshire,
1997,Virginia,Adults who are current smokers,24.4,75.6,POINT (-78.45789000012326 37.54268000028196),,,Virginia,
2009,"Nationwide (States, DC, and Territories)",Adults who are current smokers,17.899999999999999,82.1,,,,"Nationwide (States, DC, and Territories)",
1998,Wisconsin,Adults who are current smokers,23.4,76.6,POINT (-89.81636999977553 44.39319000021851),,,Wisconsin,
1997,Oregon,Adults who are current smokers,20.7,79.3,POINT (-120.15502999983448 44.567449999917756),,,Oregon,
1996,Alaska,Adults who are current smokers,27.7,72.3,POINT (-147.72205999986895 64.84507999974238),,,Alaska,
1999,Wisconsin,Adults who are current smokers,23.7,76.3,POINT (-89.81636999977553 44.39319000021851),,,Wisconsin,
2000,Utah,Adults who are current smokers,12.9,87.1,POINT (-111.58712999994941 39.36070000030492),,,Utah,
1998,Maryland,Adults who are current smokers,22.4,77.6,POINT (-76.6092600004485 39.29057999976732),,,Maryland,
1998,Illinois,Adults who are current smokers,23.1,76.9,POINT (-88.99770999971656 40.485010000411364),,,Illinois,
1996,Minnesota,Adults who are current smokers,20.6,79.4,POINT (-94.79419999982997 46.3556499998478),,,Minnesota,
2007,New Jersey,Adults who are current smokers,17.1,82.9,POINT (-74.2736899996936 40.13056999960594),,,New Jersey,
2006,Puerto Rico,Adults who are current smokers,12.5,87.5,,,,Puerto Rico,
2007,Idaho,Adults who are current smokers,19.1,80.9,POINT (-114.36368000023168 43.682590000228515),,,Idaho,
1999,Connecticut,Adults who are current smokers,22.8,77.2,POINT (-72.6498400002157 41.56265999995918),,,Connecticut,
1997,Hawaii,Adults who are current smokers,18.7,81.3,POINT (-157.85774999956269 21.304850000427336),,,Hawaii,
2010,Kentucky,Adults who are current smokers,24.8,75.2,POINT (-84.77496999996538 37.645969999815804),,,Kentucky,
2007,Ohio,Adults who are current smokers,23.1,76.9,POINT (-82.40426000019869 40.06020999969189),,,Ohio,
1998,North Dakota,Adults who are current smokers,20,80,POINT (-100.11841999998285 47.475320000018144),,,North Dakota,
2001,Michigan,Adults who are current smokers,25.6,74.4,POINT (-84.71438999959867 44.661320000317914),,,Michigan,
2002,Missouri,Adults who are current smokers,26.5,73.5,POINT (-92.5663000000448 38.63578999960896),,,Missouri,
1995,Minnesota,Adults who are current smokers,20.5,79.5,POINT (-94.79419999982997 46.3556499998478),,,Minnesota,
2007,Maryland,Adults who are current smokers,17.1,82.9,POINT (-76.6092600004485 39.29057999976732),,,Maryland,
1996,Mississippi,Adults who are current smokers,23.2,76.8,POINT (-89.53803000008429 32.7455100000866),,,Mississippi,
2001,Iowa,Adults who are current smokers,22.1,77.9,POINT (-93.81649000001335 42.469390000048634),,,Iowa,
2009,Missouri,Adults who are current smokers,23.1,76.9,POINT (-92.5663000000448 38.63578999960896),,,Missouri,
2008,New York,Adults who are current smokers,16.8,83.2,POINT (-75.54396999981549 42.82699999955048),,,New York,
2008,Hawaii,Adults who are current smokers,15.4,84.6,POINT (-157.85774999956269 21.304850000427336),,,Hawaii,
1996,Massachusetts,Adults who are current smokers,23.4,76.6,POINT (-72.08269000004333 42.27687000005062),,,Massachusetts,
1997,Massachusetts,Adults who are current smokers,20.5,79.5,POINT (-72.08269000004333 42.27687000005062),,,Massachusetts,
2010,Massachusetts,Adults who are current smokers,14.1,85.9,POINT (-72.08269000004333 42.27687000005062),,,Massachusetts,
2006,Louisiana,Adults who are current smokers,23.4,76.6,POINT (-92.44567999993188 31.31265999975932),,,Louisiana,
2000,Delaware,Adults who are current smokers,22.9,77.1,POINT (-75.57774000040052 39.00883000020451),,,Delaware,
2001,Wyoming,Adults who are current smokers,22.2,77.8,POINT (-108.10982999975454 43.23553999957147),,,Wyoming,
1997,South Dakota,Adults who are current smokers,24.3,75.7,POINT (-100.37353000040906 44.353130000049646),,,South Dakota,
1997,North Dakota,Adults who are current smokers,22.3,77.7,POINT (-100.11841999998285 47.475320000018144),,,North Dakota,
2008,California,Adults who are current smokers,14,86,POINT (-120.99958999997835 37.638300000444815),,,California,
1997,Florida,Adults who are current smokers,23.6,76.4,POINT (-81.9289599999039 28.932039999846268),,,Florida,
1999,Maine,Adults who are current smokers,23.3,76.7,POINT (-68.9850299999344 45.25423000041434),,,Maine,
1997,Ohio,Adults who are current smokers,25.1,74.9,POINT (-82.40426000019869 40.06020999969189),,,Ohio,
1999,New Jersey,Adults who are current smokers,20.6,79.4,POINT (-74.2736899996936 40.13056999960594),,,New Jersey,
2003,Delaware,Adults who are current smokers,21.9,78.1,POINT (-75.57774000040052 39.00883000020451),,,Delaware,
1995,Delaware,Adults who are current smokers,25.5,74.5,POINT (-75.57774000040052 39.00883000020451),,,Delaware,
2000,Maine,Adults who are current smokers,23.8,76.2,POINT (-68.9850299999344 45.25423000041434),,,Maine,
2006,Ohio,Adults who are current smokers,22.4,77.6,POINT (-82.40426000019869 40.06020999969189),,,Ohio,
1996,"Nationwide (States, DC, and Territories)",Adults who are current smokers,23.4,76.599999999999994,,,,"Nationwide (States, DC, and Territories)",
1996,Hawaii,Adults who are current smokers,22.2,77.8,POINT (-157.85774999956269 21.304850000427336),,,Hawaii,
2005,New Hampshire,Adults who are current smokers,20.4,79.6,POINT (-71.50036000041354 43.65595000019255),,,New Hampshire,
1998,New Mexico,Adults who are current smokers,22.5,77.5,POINT (-106.24057999976702 34.52088000011207),,,New Mexico,
2001,"Nationwide (States, DC, and Territories)",Adults who are current smokers,22.9,77.2,,,,"Nationwide (States, DC, and Territories)",
2008,South Dakota,Adults who are current smokers,17.5,82.5,POINT (-100.37353000040906 44.353130000049646),,,South Dakota,
2006,Kansas,Adults who are current smokers,20,80,POINT (-98.20077999969709 38.34774000000118),,,Kansas,
2006,Colorado,Adults who are current smokers,17.9,82.1,POINT (-106.13314000041055 38.842890000173554),,,Colorado,
2002,Colorado,Adults who are current smokers,20.4,79.6,POINT (-106.13314000041055 38.842890000173554),,,Colorado,
1996,Vermont,Adults who are current smokers,24.1,75.9,POINT (-72.51764000028561 43.625379999687425),,,Vermont,
2005,Maryland,Adults who are current smokers,18.9,81.1,POINT (-76.6092600004485 39.29057999976732),,,Maryland,
1995,Illinois,Adults who are current smokers,23.1,76.9,POINT (-88.99770999971656 40.485010000411364),,,Illinois,
2005,Florida,Adults who are current smokers,21.7,78.3,POINT (-81.9289599999039 28.932039999846268),,,Florida,
2003,New Mexico,Adults who are current smokers,22,78,POINT (-106.24057999976702 34.52088000011207),,,New Mexico,
1995,Texas,Adults who are current smokers,23.7,76.3,POINT (-99.42676999973554 31.82724000022597),,,Texas,
2006,Arkansas,Adults who are current smokers,23.7,76.3,POINT (-92.27448999971358 34.748649999697875),,,Arkansas,
1997,Vermont,Adults who are current smokers,23.3,76.7,POINT (-72.51764000028561 43.625379999687425),,,Vermont,
2005,Puerto Rico,Adults who are current smokers,13.1,86.9,,,,Puerto Rico,
1996,Delaware,Adults who are current smokers,24.2,75.8,POINT (-75.57774000040052 39.00883000020451),,,Delaware,
2005,Alaska,Adults who are current smokers,24.9,75.1,POINT (-147.72205999986895 64.84507999974238),,,Alaska,
1996,Wisconsin,Adults who are current smokers,24.9,75.1,POINT (-89.81636999977553 44.39319000021851),,,Wisconsin,
1995,Oklahoma,Adults who are current smokers,21.7,78.3,POINT (-97.52034999975251 35.4720099999617),,,Oklahoma,
2005,New Jersey,Adults who are current smokers,18,82,POINT (-74.2736899996936 40.13056999960594),,,New Jersey,
2010,Iowa,Adults who are current smokers,16.1,83.9,POINT (-93.81649000001335 42.469390000048634),,,Iowa,
2000,Alabama,Adults who are current smokers,25.2,74.8,POINT (-86.63186000013877 32.840569999605975),,,Alabama,
2001,Georgia,Adults who are current smokers,23.7,76.3,POINT (-83.62758000031658 32.83967999993223),,,Georgia,
1999,Ohio,Adults who are current smokers,27.6,72.4,POINT (-82.40426000019869 40.06020999969189),,,Ohio,
2009,Vermont,Adults who are current smokers,17.1,82.9,POINT (-72.51764000028561 43.625379999687425),,,Vermont,
1995,Arizona,Adults who are current smokers,22.9,77.1,POINT (-111.76380999973156 34.86596999961597),,,Arizona,
2002,Vermont,Adults who are current smokers,21.1,78.9,POINT (-72.51764000028561 43.625379999687425),,,Vermont,
2004,Oklahoma,Adults who are current smokers,26.1,73.9,POINT (-97.52034999975251 35.4720099999617),,,Oklahoma,
1999,Washington,Adults who are current smokers,22.4,77.6,POINT (-120.47001000026114 47.522280000022135),,,Washington,
2007,Pennsylvania,Adults who are current smokers,21,79,POINT (-77.86069999960512 40.79372999993973),,,Pennsylvania,
2006,North Dakota,Adults who are current smokers,19.5,80.5,POINT (-100.11841999998285 47.475320000018144),,,North Dakota,
2001,Utah,Adults who are current smokers,13.2,86.8,POINT (-111.58712999994941 39.36070000030492),,,Utah,
2002,Delaware,Adults who are current smokers,24.7,75.3,POINT (-75.57774000040052 39.00883000020451),,,Delaware,
2009,Tennessee,Adults who are current smokers,22,78,POINT (-85.77449000011325 35.68094000038087),,,Tennessee,
1999,Georgia,Adults who are current smokers,23.7,76.3,POINT (-83.62758000031658 32.83967999993223),,,Georgia,
1997,New York,Adults who are current smokers,23.1,76.9,POINT (-75.54396999981549 42.82699999955048),,,New York,
2000,Louisiana,Adults who are current smokers,24.1,75.9,POINT (-92.44567999993188 31.31265999975932),,,Louisiana,
1998,Indiana,Adults who are current smokers,26,74,POINT (-86.14996000035359 39.76690999989677),,,Indiana,
2004,Florida,Adults who are current smokers,20.2,79.8,POINT (-81.9289599999039 28.932039999846268),,,Florida,
2004,Nationwide (States and DC),Adults who are current smokers,20.9,79.2,,,,Nationwide (States and DC),
2001,Louisiana,Adults who are current smokers,24.6,75.4,POINT (-92.44567999993188 31.31265999975932),,,Louisiana,
2010,Hawaii,Adults who are current smokers,14.5,85.5,POINT (-157.85774999956269 21.304850000427336),,,Hawaii,
2008,Vermont,Adults who are current smokers,16.8,83.2,POINT (-72.51764000028561 43.625379999687425),,,Vermont,
1996,Connecticut,Adults who are current smokers,21.8,78.2,POINT (-72.6498400002157 41.56265999995918),,,Connecticut,
2010,New Hampshire,Adults who are current smokers,16.9,83.1,POINT (-71.50036000041354 43.65595000019255),,,New Hampshire,
2001,Illinois,Adults who are current smokers,23.7,76.3,POINT (-88.99770999971656 40.485010000411364),,,Illinois,
2006,West Virginia,Adults who are current smokers,25.7,74.3,POINT (-80.71263999973604 38.66550999958696),,,West Virginia,
1995,Colorado,Adults who are current smokers,21.8,78.2,POINT (-106.13314000041055 38.842890000173554),,,Colorado,
2007,South Carolina,Adults who are current smokers,21.9,78.1,POINT (-81.0452500001872 33.99855000018255),,,South Carolina,
2000,Nevada,Adults who are current smokers,29,71,POINT (-117.07183999971608 39.49323999972637),,,Nevada,
1996,Michigan,Adults who are current smokers,25.6,74.4,POINT (-84.71438999959867 44.661320000317914),,,Michigan,
1996,Nebraska,Adults who are current smokers,22.1,77.9,POINT (-99.36572999973953 41.6410400000961),,,Nebraska,
2010,Nationwide (States and DC),Adults who are current smokers,17.3,82.7,,,,Nationwide (States and DC),
2004,Utah,Adults who are current smokers,10.5,89.5,POINT (-111.58712999994941 39.36070000030492),,,Utah,
2004,Delaware,Adults who are current smokers,24.4,75.6,POINT (-75.57774000040052 39.00883000020451),,,Delaware,
2001,Nebraska,Adults who are current smokers,20.2,79.8,POINT (-99.36572999973953 41.6410400000961),,,Nebraska,
1998,Alabama,Adults who are current smokers,24.6,75.4,POINT (-86.63186000013877 32.840569999605975),,,Alabama,
2005,Kansas,Adults who are current smokers,17.8,82.2,POINT (-98.20077999969709 38.34774000000118),,,Kansas,
2005,Minnesota,Adults who are current smokers,20,80,POINT (-94.79419999982997 46.3556499998478),,,Minnesota,
1999,Alaska,Adults who are current smokers,27.3,72.7,POINT (-147.72205999986895 64.84507999974238),,,Alaska,
1998,Nevada,Adults who are current smokers,30.3,69.7,POINT (-117.07183999971608 39.49323999972637),,,Nevada,
2000,Minnesota,Adults who are current smokers,19.8,80.2,POINT (-94.79419999982997 46.3556499998478),,,Minnesota,
2009,Maine,Adults who are current smokers,17.3,82.7,POINT (-68.9850299999344 45.25423000041434),,,Maine,
2005,Arizona,Adults who are current smokers,20.2,79.8,POINT (-111.76380999973156 34.86596999961597),,,Arizona,
1999,"Nationwide (States, DC, and Territories)",Adults who are current smokers,22.7,77.400000000000006,,,,"Nationwide (States, DC, and Territories)",
2004,Colorado,Adults who are current smokers,20,80,POINT (-106.13314000041055 38.842890000173554),,,Colorado,
2002,Oregon,Adults who are current smokers,22.4,77.6,POINT (-120.15502999983448 44.567449999917756),,,Oregon,
1996,Oregon,Adults who are current smokers,23.4,76.6,POINT (-120.15502999983448 44.567449999917756),,,Oregon,
2000,Indiana,Adults who are current smokers,26.9,73.1,POINT (-86.14996000035359 39.76690999989677),,,Indiana,
1999,Oklahoma,Adults who are current smokers,25.2,74.8,POINT (-97.52034999975251 35.4720099999617),,,Oklahoma,
2001,Texas,Adults who are current smokers,22.4,77.6,POINT (-99.42676999973554 31.82724000022597),,,Texas,
2001,Colorado,Adults who are current smokers,22.3,77.7,POINT (-106.13314000041055 38.842890000173554),,,Colorado,
1997,Idaho,Adults who are current smokers,19.9,80.1,POINT (-114.36368000023168 43.682590000228515),,,Idaho,
2005,South Dakota,Adults who are current smokers,19.8,80.2,POINT (-100.37353000040906 44.353130000049646),,,South Dakota,
2004,Illinois,Adults who are current smokers,22.2,77.8,POINT (-88.99770999971656 40.485010000411364),,,Illinois,
1996,Nevada,Adults who are current smokers,28.2,71.8,POINT (-117.07183999971608 39.49323999972637),,,Nevada,
2001,New Mexico,Adults who are current smokers,23.8,76.2,POINT (-106.24057999976702 34.52088000011207),,,New Mexico,
1995,"Nationwide (States, DC, and Territories)",Adults who are current smokers,22.7,77.3,,,,"Nationwide (States, DC, and Territories)",
1995,California,Adults who are current smokers,15.5,84.5,POINT (-120.99958999997835 37.638300000444815),,,California,
1997,Rhode Island,Adults who are current smokers,24.3,75.7,POINT (-71.5224700001902 41.70828000002217),,,Rhode Island,
2001,California,Adults who are current smokers,17.2,82.8,POINT (-120.99958999997835 37.638300000444815),,,California,
1999,Rhode Island,Adults who are current smokers,22.3,77.7,POINT (-71.5224700001902 41.70828000002217),,,Rhode Island,
2001,West Virginia,Adults who are current smokers,28.2,71.8,POINT (-80.71263999973604 38.66550999958696),,,West Virginia,
2005,Vermont,Adults who are current smokers,19.3,80.7,POINT (-72.51764000028561 43.625379999687425),,,Vermont,
2002,Mississippi,Adults who are current smokers,27.3,72.7,POINT (-89.53803000008429 32.7455100000866),,,Mississippi,
2007,Wyoming,Adults who are current smokers,22.1,77.9,POINT (-108.10982999975454 43.23553999957147),,,Wyoming,
2006,New York,Adults who are current smokers,18.2,81.8,POINT (-75.54396999981549 42.82699999955048),,,New York,
2008,Arizona,Adults who are current smokers,15.9,84.1,POINT (-111.76380999973156 34.86596999961597),,,Arizona,
2007,South Dakota,Adults who are current smokers,19.8,80.2,POINT (-100.37353000040906 44.353130000049646),,,South Dakota,
1997,Wyoming,Adults who are current smokers,24,76,POINT (-108.10982999975454 43.23553999957147),,,Wyoming,
2006,Pennsylvania,Adults who are current smokers,21.5,78.5,POINT (-77.86069999960512 40.79372999993973),,,Pennsylvania,
1996,Wyoming,Adults who are current smokers,24.6,75.4,POINT (-108.10982999975454 43.23553999957147),,,Wyoming,
2006,Delaware,Adults who are current smokers,21.7,78.3,POINT (-75.57774000040052 39.00883000020451),,,Delaware,
2000,Arizona,Adults who are current smokers,18.6,81.4,POINT (-111.76380999973156 34.86596999961597),,,Arizona,
2009,West Virginia,Adults who are current smokers,25.6,74.4,POINT (-80.71263999973604 38.66550999958696),,,West Virginia,
2007,North Carolina,Adults who are current smokers,22.9,77.1,POINT (-79.1593199999179 35.46624999963797),,,North Carolina,
2009,Pennsylvania,Adults who are current smokers,20.2,79.8,POINT (-77.86069999960512 40.79372999993973),,,Pennsylvania,
2004,North Dakota,Adults who are current smokers,19.9,80.1,POINT (-100.11841999998285 47.475320000018144),,,North Dakota,
2009,Nebraska,Adults who are current smokers,16.7,83.3,POINT (-99.36572999973953 41.6410400000961),,,Nebraska,
1998,Ohio,Adults who are current smokers,26.1,73.9,POINT (-82.40426000019869 40.06020999969189),,,Ohio,
2002,Kentucky,Adults who are current smokers,32.6,67.4,POINT (-84.77496999996538 37.645969999815804),,,Kentucky,
2006,Idaho,Adults who are current smokers,16.8,83.2,POINT (-114.36368000023168 43.682590000228515),,,Idaho,
2006,Minnesota,Adults who are current smokers,18.3,81.7,POINT (-94.79419999982997 46.3556499998478),,,Minnesota,
2003,Puerto Rico,Adults who are current smokers,13.6,86.4,,,,Puerto Rico,
2004,Missouri,Adults who are current smokers,24.1,75.9,POINT (-92.5663000000448 38.63578999960896),,,Missouri,
1996,South Carolina,Adults who are current smokers,24.5,75.5,POINT (-81.0452500001872 33.99855000018255),,,South Carolina,
1999,West Virginia,Adults who are current smokers,27.1,72.9,POINT (-80.71263999973604 38.66550999958696),,,West Virginia,
2001,Virginia,Adults who are current smokers,22.5,77.5,POINT (-78.45789000012326 37.54268000028196),,,Virginia,
2005,Texas,Adults who are current smokers,20,80,POINT (-99.42676999973554 31.82724000022597),,,Texas,
2001,New Hampshire,Adults who are current smokers,24.1,75.9,POINT (-71.50036000041354 43.65595000019255),,,New Hampshire,
1997,Tennessee,Adults who are current smokers,26.9,73.1,POINT (-85.77449000011325 35.68094000038087),,,Tennessee,
2004,Alabama,Adults who are current smokers,24.9,75.1,POINT (-86.63186000013877 32.840569999605975),,,Alabama,
2007,Arkansas,Adults who are current smokers,22.4,77.6,POINT (-92.27448999971358 34.748649999697875),,,Arkansas,
2008,Idaho,Adults who are current smokers,16.9,83.1,POINT (-114.36368000023168 43.682590000228515),,,Idaho,
2007,Kansas,Adults who are current smokers,17.9,82.1,POINT (-98.20077999969709 38.34774000000118),,,Kansas,
2008,Guam,Adults who are current smokers,27.4,72.599999999999994,,,,Guam,
2002,Virgin Islands,Adults who are current smokers,9.4,90.6,,,,Virgin Islands,
2009,Guam,Adults who are current smokers,24.1,75.900000000000006,,,,Guam,
2007,Guam,Adults who are current smokers,31,69,,,,Guam,
2003,Guam,Adults who are current smokers,34,66,,,,Guam,
